"Date","Price","Open","High","Low","Vol.","Change %"
"10/25/2024","304.15","302.81","313.09","302.51","2.59M","1.73%"
"10/24/2024","298.99","295.40","299.22","294.62","1.17M","2.00%"
"10/23/2024","293.14","297.14","297.53","290.71","1.18M","-1.92%"
"10/22/2024","298.88","298.24","304.49","296.00","2.03M","0.38%"
"10/21/2024","297.74","291.43","299.16","291.31","2.48M","2.10%"
"10/18/2024","291.63","283.55","291.79","282.15","1.69M","2.79%"
"10/17/2024","283.71","294.41","295.64","283.62","2.67M","-3.57%"
"10/16/2024","294.21","287.34","295.36","286.71","2.34M","2.34%"
"10/15/2024","287.48","286.42","292.45","285.27","1.95M","0.25%"
"10/14/2024","286.76","278.50","287.19","272.90","2.13M","3.06%"
"10/11/2024","278.24","272.90","279.05","272.00","1.49M","1.71%"
"10/10/2024","273.58","273.67","274.49","268.16","1.56M","-0.20%"
"10/09/2024","274.12","277.84","278.57","272.10","1.40M","-0.89%"
"10/08/2024","276.59","271.09","279.00","268.00","1.95M","1.51%"
"10/07/2024","272.48","270.65","273.57","264.20","2.33M","0.78%"
"10/04/2024","270.38","267.77","274.66","267.12","2.18M","2.98%"
"10/03/2024","262.56","258.48","262.82","256.50","1.72M","0.78%"
"10/02/2024","260.53","264.80","265.68","259.75","1.71M","-2.22%"
"10/01/2024","266.45","267.67","269.61","261.75","1.98M","-1.81%"
"09/30/2024","271.35","278.00","281.33","271.10","1.98M","-3.09%"
"09/27/2024","280.01","273.22","283.66","272.01","2.94M","4.16%"
"09/26/2024","268.82","269.00","270.73","265.73","2.19M","3.50%"
"09/25/2024","259.74","263.00","264.03","257.61","1.74M","-1.45%"
"09/24/2024","263.55","266.69","271.76","262.78","2.22M","1.44%"
"09/23/2024","259.80","263.00","264.11","259.53","1.72M","-1.07%"
"09/20/2024","262.61","270.75","270.76","261.05","2.87M","-3.01%"
"09/19/2024","270.76","275.98","281.18","269.44","2.46M","0.21%"
"09/18/2024","270.20","269.58","274.64","266.55","2.11M","0.67%"
"09/17/2024","268.41","266.90","270.44","264.64","1.55M","1.17%"
"09/16/2024","265.30","266.99","267.45","260.26","1.37M","-0.55%"
"09/13/2024","266.76","261.01","268.78","260.91","1.78M","2.54%"
"09/12/2024","260.14","254.02","260.39","253.97","1.82M","1.94%"
"09/11/2024","255.20","248.05","255.69","243.37","1.86M","3.24%"
"09/10/2024","247.18","249.00","249.38","244.88","1.44M","-0.57%"
"09/09/2024","248.59","253.89","258.18","247.10","2.03M","-2.07%"
"09/06/2024","253.84","262.13","265.90","250.65","2.59M","0.06%"
"09/05/2024","253.70","255.84","257.77","252.50","1.94M","-0.71%"
"09/04/2024","255.51","254.24","257.49","251.76","2.42M","-1.00%"
"09/03/2024","258.08","258.26","261.77","251.75","3.07M","-0.54%"
"08/30/2024","259.47","269.06","270.00","249.10","7.37M","0.18%"
"08/29/2024","259.01","261.86","263.35","258.28","4.75M","0.07%"
"08/28/2024","258.83","266.68","267.83","255.29","2.88M","-4.55%"
"08/27/2024","271.18","270.79","272.33","268.25","1.96M","-0.18%"
"08/26/2024","271.66","272.15","275.04","269.26","2.51M","1.16%"
"08/23/2024","268.55","265.11","268.95","264.64","1.61M","1.94%"
"08/22/2024","263.45","265.64","267.30","262.50","1.61M","-0.82%"
"08/21/2024","265.63","265.88","270.55","263.59","1.90M","1.93%"
"08/20/2024","260.60","259.00","261.32","257.31","1.41M","0.57%"
"08/19/2024","259.12","259.60","263.00","258.42","2.06M","0.40%"
"08/16/2024","258.10","258.20","259.90","254.01","2.09M","0.60%"
"08/15/2024","256.55","250.82","258.34","250.13","3.21M","6.68%"
"08/14/2024","240.49","243.00","244.50","240.36","1.16M","-0.60%"
"08/13/2024","241.95","241.34","245.73","238.90","1.86M","0.94%"
"08/12/2024","239.70","239.93","240.82","236.55","1.41M","0.41%"
"08/09/2024","238.72","240.75","240.87","237.28","1.29M","-1.25%"
"08/08/2024","241.75","238.14","243.15","235.93","1.76M","3.56%"
"08/07/2024","233.44","239.96","244.65","232.96","1.55M","-1.46%"
"08/06/2024","236.90","235.00","240.36","234.00","1.85M","1.50%"
"08/05/2024","233.40","228.08","236.35","226.01","2.86M","-1.10%"
"08/02/2024","236.00","240.00","243.25","234.69","3.10M","-5.24%"
"08/01/2024","249.05","258.67","260.12","246.12","2.12M","-3.72%"
"07/31/2024","258.66","256.00","262.49","256.00","2.05M","1.04%"
"07/30/2024","256.00","258.30","259.39","253.70","1.56M","-1.17%"
"07/29/2024","259.03","256.39","260.46","251.95","2.31M","2.18%"
"07/26/2024","253.50","250.00","257.26","246.99","4.12M","2.50%"
"07/25/2024","247.32","260.98","262.00","245.59","9.37M","-9.09%"
"07/24/2024","272.06","280.57","281.00","268.78","2.65M","-3.31%"
"07/23/2024","281.37","285.20","287.25","281.20","1.49M","-1.27%"
"07/22/2024","285.00","281.80","286.43","280.85","1.46M","1.70%"
"07/19/2024","280.23","286.94","287.00","279.16","1.62M","-1.72%"
"07/18/2024","285.13","293.69","295.35","284.69","1.89M","-2.58%"
"07/17/2024","292.68","289.95","293.94","288.51","1.58M","0.32%"
"07/16/2024","291.76","284.66","291.87","282.04","1.88M","2.83%"
"07/15/2024","283.72","289.50","290.00","282.58","2.20M","-2.52%"
"07/12/2024","291.06","292.81","296.38","287.78","1.80M","0.64%"
"07/11/2024","289.20","289.40","295.50","288.39","1.80M","0.39%"
"07/10/2024","288.08","288.79","290.21","283.49","2.19M","-0.62%"
"07/09/2024","289.87","293.70","293.70","288.11","2.01M","-1.41%"
"07/08/2024","294.03","300.42","301.91","293.51","1.71M","-1.38%"
"07/05/2024","298.14","303.14","303.14","296.80","1.25M","-0.73%"
"07/03/2024","300.32","301.67","302.59","299.02","952.00K","-0.45%"
"07/02/2024","301.67","300.45","304.39","299.68","1.43M","-0.23%"
"07/01/2024","302.36","300.73","302.58","295.49","1.53M","1.23%"
"06/28/2024","298.70","302.00","303.25","296.21","3.50M","-3.11%"
"06/27/2024","308.30","304.16","308.44","303.18","1.41M","1.14%"
"06/26/2024","304.81","308.78","309.88","304.37","1.27M","-1.38%"
"06/25/2024","309.07","312.34","317.21","307.69","1.99M","-1.03%"
"06/24/2024","312.28","312.29","316.53","311.74","2.16M","0.15%"
"06/21/2024","311.82","311.27","313.45","309.10","3.25M","0.34%"
"06/20/2024","310.77","314.38","314.66","310.22","1.63M","-0.79%"
"06/18/2024","313.23","312.12","315.50","311.52","1.84M","0.10%"
"06/17/2024","312.91","304.28","313.22","303.75","1.95M","2.25%"
"06/14/2024","306.01","305.12","308.00","303.16","1.47M","-0.48%"
"06/13/2024","307.49","306.88","309.14","303.87","2.08M","-0.75%"
"06/12/2024","309.81","321.89","321.95","307.88","2.68M","-2.59%"
"06/11/2024","318.04","315.39","319.70","314.77","1.76M","-0.07%"
"06/10/2024","318.26","314.66","322.03","314.01","2.13M","0.13%"
"06/07/2024","317.86","321.19","329.73","316.26","4.03M","-1.60%"
"06/06/2024","323.03","337.01","337.76","314.65","12.29M","4.79%"
"06/05/2024","308.27","308.76","308.76","301.05","6.61M","0.49%"
"06/04/2024","306.78","303.90","309.28","301.34","2.15M","0.05%"
"06/03/2024","306.62","311.26","314.13","305.79","2.10M","-1.72%"
"05/31/2024","311.99","307.91","313.33","306.70","4.26M","3.00%"
"05/30/2024","302.90","299.84","307.38","299.00","2.64M","1.46%"
"05/29/2024","298.54","294.00","301.45","293.36","2.60M","1.11%"
"05/28/2024","295.25","304.00","304.42","293.03","2.85M","-2.56%"
"05/24/2024","303.01","301.53","306.92","299.74","2.28M","1.09%"
"05/23/2024","299.73","299.65","303.66","295.28","3.82M","0.04%"
"05/22/2024","299.63","306.91","307.92","295.74","8.92M","-7.23%"
"05/21/2024","322.98","327.35","328.29","322.15","2.23M","-1.25%"
"05/20/2024","327.07","334.21","334.21","323.66","3.63M","-2.35%"
"05/17/2024","334.95","338.75","338.75","334.02","2.59M","-0.98%"
"05/16/2024","338.28","347.68","347.68","337.54","3.26M","-2.47%"
"05/15/2024","346.85","354.50","354.53","346.23","1.53M","-1.56%"
"05/14/2024","352.35","349.04","353.39","349.04","1.23M","1.49%"
"05/13/2024","347.16","354.37","355.44","347.00","1.48M","-1.64%"
"05/10/2024","352.96","352.90","353.38","347.39","1.39M","0.00%"
"05/09/2024","352.95","346.97","355.20","346.11","1.77M","2.12%"
"05/08/2024","345.61","347.21","349.02","345.07","1.37M","-1.21%"
"05/07/2024","349.85","350.98","354.16","348.80","1.21M","-0.11%"
"05/06/2024","350.24","357.00","357.90","349.17","1.32M","-1.38%"
"05/03/2024","355.15","355.20","357.05","351.77","1.26M","1.24%"
"05/02/2024","350.80","356.34","357.29","348.51","1.82M","-1.02%"
"05/01/2024","354.40","358.05","360.45","351.67","1.34M","-1.72%"
"04/30/2024","360.60","362.59","362.59","358.62","1.59M","-0.92%"
"04/29/2024","363.96","357.89","366.98","357.02","1.36M","-0.20%"
"04/26/2024","364.70","359.43","367.59","359.39","1.23M","1.31%"
"04/25/2024","360.00","363.19","364.00","356.67","1.54M","-1.26%"
"04/24/2024","364.59","368.36","368.36","361.22","1.26M","-0.02%"
"04/23/2024","364.68","362.17","366.19","359.33","1.59M","0.80%"
"04/22/2024","361.79","354.68","364.63","354.68","2.54M","2.64%"
"04/19/2024","352.47","346.96","353.10","346.39","2.47M","1.43%"
"04/18/2024","347.51","346.50","352.10","344.31","2.18M","0.77%"
"04/17/2024","344.86","342.00","346.45","341.24","2.15M","1.73%"
"04/16/2024","338.98","334.03","341.11","330.61","2.15M","1.26%"
"04/15/2024","334.76","340.99","343.82","334.53","2.33M","-0.41%"
"04/12/2024","336.13","345.47","346.90","336.04","2.66M","-3.94%"
"04/11/2024","349.92","350.59","352.05","347.51","1.95M","-0.09%"
"04/10/2024","350.25","352.80","355.18","349.53","1.96M","-2.38%"
"04/09/2024","358.80","360.10","360.99","355.41","1.97M","-0.46%"
"04/08/2024","360.46","358.61","361.72","355.87","1.68M","1.01%"
"04/05/2024","356.87","357.90","360.82","355.23","1.81M","-0.19%"
"04/04/2024","357.56","373.00","373.34","356.75","4.72M","-4.40%"
"04/03/2024","374.01","378.68","379.90","373.81","1.55M","-1.07%"
"04/02/2024","378.06","380.00","381.64","376.14","2.14M","-1.85%"
"04/01/2024","385.20","393.55","394.00","384.02","1.83M","-1.40%"
"03/28/2024","390.65","390.50","394.32","390.07","1.70M","0.31%"
"03/27/2024","389.46","387.08","394.46","386.47","2.34M","0.86%"
"03/26/2024","386.14","393.59","395.27","385.88","2.88M","-0.71%"
"03/25/2024","388.90","405.08","405.08","387.05","5.12M","-3.54%"
"03/22/2024","403.19","416.25","418.70","387.11","19.68M","-15.80%"
"03/21/2024","478.84","472.00","480.94","469.00","4.02M","2.09%"
"03/20/2024","469.05","467.34","469.79","461.92","1.63M","0.38%"
"03/19/2024","467.27","457.69","467.86","454.23","1.43M","1.68%"
"03/18/2024","459.57","465.92","469.69","459.48","1.26M","-1.15%"
"03/15/2024","464.94","467.12","470.67","463.16","1.68M","-1.08%"
"03/14/2024","470.01","472.06","472.06","462.75","1.32M","0.96%"
"03/13/2024","465.55","467.93","471.72","465.37","799.87K","0.06%"
"03/12/2024","465.28","459.48","467.86","458.56","841.24K","1.64%"
"03/11/2024","457.76","461.53","461.53","453.67","729.73K","-0.57%"
"03/08/2024","460.39","461.27","465.42","457.29","755.18K","0.68%"
"03/07/2024","457.28","449.03","461.00","449.03","1.08M","1.95%"
"03/06/2024","448.54","451.99","452.66","443.52","941.27K","0.56%"
"03/05/2024","446.06","448.81","448.81","443.61","975.66K","-1.05%"
"03/04/2024","450.79","458.63","459.03","449.77","1.25M","-1.68%"
"03/01/2024","458.50","461.44","464.57","457.63","1.30M","-1.84%"
"02/29/2024","467.09","466.03","469.90","461.10","1.43M","0.64%"
"02/28/2024","464.14","466.50","474.17","463.34","913.76K","-0.79%"
"02/27/2024","467.84","471.09","471.50","463.95","919.61K","-0.09%"
"02/26/2024","468.25","461.06","472.96","459.26","1.45M","2.26%"
"02/23/2024","457.89","458.50","462.82","454.22","862.28K","0.58%"
"02/22/2024","455.26","448.10","457.36","447.35","1.10M","2.66%"
"02/21/2024","443.46","447.28","448.41","440.26","808.29K","-0.26%"
"02/20/2024","444.60","445.77","449.60","441.01","1.19M","-1.11%"
"02/16/2024","449.60","457.12","457.39","445.53","1.34M","-2.04%"
"02/15/2024","458.98","461.32","463.24","454.50","915.61K","-0.38%"
"02/14/2024","460.71","460.44","461.99","456.70","697.27K","0.98%"
"02/13/2024","456.23","457.56","461.95","454.00","1.26M","-2.11%"
"02/12/2024","466.08","473.28","478.00","465.12","1.17M","-0.88%"
"02/09/2024","470.24","466.61","471.26","458.78","1.35M","-0.58%"
"02/08/2024","472.98","463.27","476.62","460.98","1.51M","3.33%"
"02/07/2024","457.75","459.04","463.25","456.20","1.01M","0.27%"
"02/06/2024","456.54","457.31","459.66","450.06","1.53M","-0.04%"
"02/05/2024","456.73","458.41","459.05","450.55","1.17M","-1.23%"
"02/02/2024","462.40","458.50","464.62","454.62","1.14M","0.10%"
"02/01/2024","461.94","454.90","463.03","454.02","1.53M","1.79%"
"01/31/2024","453.82","472.02","473.10","451.35","2.88M","-5.73%"
"01/30/2024","481.40","481.99","491.30","479.76","1.30M","-0.12%"
"01/29/2024","481.99","478.03","482.44","475.74","1.07M","0.83%"
"01/26/2024","478.03","475.00","484.31","470.65","1.13M","0.79%"
"01/25/2024","474.30","475.22","476.94","468.16","964.27K","-0.11%"
"01/24/2024","474.84","477.00","480.96","472.67","1.40M","-0.45%"
"01/23/2024","477.00","480.22","481.89","474.50","1.04M","-1.01%"
"01/22/2024","481.89","483.00","483.30","477.62","909.54K","-0.44%"
"01/19/2024","484.02","477.76","484.74","475.05","1.26M","1.38%"
"01/18/2024","477.45","472.19","478.46","468.84","1.48M","1.93%"
"01/17/2024","468.40","469.18","469.58","462.84","1.35M","-0.49%"
"01/16/2024","470.73","478.05","478.05","467.58","1.37M","-1.92%"
"01/12/2024","479.94","488.08","490.84","479.09","1.05M","-1.14%"
"01/11/2024","485.48","483.39","486.21","478.16","823.65K","0.29%"
"01/10/2024","484.10","488.00","488.51","482.59","1.28M","-0.33%"
"01/09/2024","485.71","488.93","489.92","483.09","1.24M","-1.17%"
"01/08/2024","491.48","488.47","493.49","478.13","1.83M","0.08%"
"01/05/2024","491.10","495.92","499.21","490.69","1.12M","-0.99%"
"01/04/2024","496.00","496.90","502.00","495.01","1.17M","-0.41%"
"01/03/2024","498.02","501.89","503.95","496.69","1.03M","-1.46%"
"01/02/2024","505.38","508.57","508.92","502.15","1.19M","-1.16%"
"12/29/2023","511.29","509.87","516.39","508.46","918.27K","0.41%"
"12/28/2023","509.22","510.46","512.48","508.27","688.86K","0.08%"
"12/27/2023","508.81","506.00","509.88","505.52","816.58K","0.49%"
"12/26/2023","506.32","513.24","513.50","505.52","887.43K","-0.72%"
"12/22/2023","510.00","502.60","510.48","502.22","1.18M","-0.20%"
"12/21/2023","511.03","507.86","511.27","505.51","896.58K","1.16%"
"12/20/2023","505.15","504.51","511.60","503.95","1.06M","-0.34%"
"12/19/2023","506.86","503.58","509.33","502.83","1.17M","1.04%"
"12/18/2023","501.63","490.01","501.72","488.42","1.23M","2.07%"
"12/15/2023","491.46","486.46","492.19","483.81","2.68M","0.44%"
"12/14/2023","489.30","505.06","505.63","487.19","2.65M","-3.01%"
"12/13/2023","504.50","502.83","508.43","494.09","1.70M","0.17%"
"12/12/2023","503.65","503.00","504.40","495.68","1.72M","0.18%"
"12/11/2023","502.74","493.95","507.44","490.00","2.80M","2.68%"
"12/08/2023","489.64","455.88","493.80","448.81","7.14M","5.37%"
"12/07/2023","464.67","460.67","466.63","460.60","3.24M","0.87%"
"12/06/2023","460.67","459.28","464.06","458.27","1.39M","0.82%"
"12/05/2023","456.93","454.76","462.27","452.52","1.79M","-0.83%"
"12/04/2023","460.76","459.20","463.37","452.23","2.64M","-1.25%"
"12/01/2023","466.61","447.60","467.63","447.60","2.46M","4.43%"
"11/30/2023","446.80","439.77","448.73","438.60","2.37M","1.93%"
"11/29/2023","438.35","429.20","439.76","428.60","1.66M","2.48%"
"11/28/2023","427.73","435.57","436.66","427.09","1.35M","-1.82%"
"11/27/2023","435.67","430.05","437.81","430.05","1.07M","0.91%"
"11/24/2023","431.76","428.30","432.27","426.35","401.72K","0.73%"
"11/22/2023","428.63","430.82","435.07","428.19","800.64K","-0.40%"
"11/21/2023","430.37","426.65","431.92","425.75","867.47K","0.42%"
"11/20/2023","428.58","423.89","429.59","422.77","866.09K","1.45%"
"11/17/2023","422.44","425.22","425.67","421.04","1.22M","0.51%"
"11/16/2023","420.28","430.67","431.50","416.55","1.71M","-2.76%"
"11/15/2023","432.19","433.09","437.05","431.45","1.26M","0.43%"
"11/14/2023","430.33","422.66","431.10","421.69","1.57M","3.20%"
"11/13/2023","416.98","410.48","418.61","409.80","1.28M","0.80%"
"11/10/2023","413.67","407.51","413.90","404.89","1.04M","1.74%"
"11/09/2023","406.58","410.75","410.75","404.69","922.79K","-0.75%"
"11/08/2023","409.64","415.00","415.15","409.32","714.69K","-0.98%"
"11/07/2023","413.69","409.90","414.48","406.00","1.18M","1.41%"
"11/06/2023","407.95","411.50","412.27","404.51","827.06K","0.00%"
"11/03/2023","407.93","408.78","412.03","406.27","1.23M","1.10%"
"11/02/2023","403.50","398.91","404.87","398.70","1.39M","2.08%"
"11/01/2023","395.29","393.31","395.81","385.26","1.31M","0.46%"
"10/31/2023","393.48","391.75","395.70","389.01","1.08M","0.44%"
"10/30/2023","391.75","388.44","393.27","387.75","1.01M","1.27%"
"10/27/2023","386.82","390.00","392.20","384.37","1.45M","-0.46%"
"10/26/2023","388.62","393.18","394.04","386.00","1.84M","-2.04%"
"10/25/2023","396.70","401.00","403.82","396.12","1.31M","-1.65%"
"10/24/2023","403.37","405.61","405.61","398.33","1.58M","0.23%"
"10/23/2023","402.46","394.92","406.81","392.08","1.83M","1.68%"
"10/20/2023","395.82","397.43","398.13","389.00","1.94M","-0.09%"
"10/19/2023","396.19","407.01","408.21","394.58","2.63M","-2.32%"
"10/18/2023","405.61","412.02","417.20","404.77","3.75M","-1.78%"
"10/17/2023","412.94","415.00","419.86","412.19","28.06M","-0.89%"
"10/16/2023","416.64","402.24","419.01","401.83","11.45M","10.31%"
"10/13/2023","377.69","375.00","384.60","374.40","1.97M","1.00%"
"10/12/2023","373.94","374.90","374.90","366.99","1.25M","0.16%"
"10/11/2023","373.36","374.00","375.96","368.24","1.05M","0.09%"
"10/10/2023","373.03","372.64","378.84","371.44","1.18M","0.10%"
"10/09/2023","372.64","366.90","372.87","363.57","1.08M","1.48%"
"10/06/2023","367.22","360.00","368.78","354.66","1.68M","1.90%"
"10/05/2023","360.36","367.49","367.49","360.20","1.63M","-2.63%"
"10/04/2023","370.10","367.76","372.00","366.98","976.26K","0.48%"
"10/03/2023","368.34","378.84","381.53","365.17","1.65M","-3.79%"
"10/02/2023","382.86","384.60","388.87","380.88","1.20M","-0.71%"
"09/29/2023","385.61","387.35","389.96","382.20","1.51M","1.74%"
"09/28/2023","379.00","381.55","382.15","375.62","1.15M","-0.04%"
"09/27/2023","379.14","382.21","384.29","377.04","700.64K","-0.40%"
"09/26/2023","380.66","380.63","384.72","378.29","1.52M","-0.95%"
"09/25/2023","384.33","386.02","387.50","378.11","1.58M","-0.96%"
"09/22/2023","388.05","387.50","391.71","386.38","1.10M","1.08%"
"09/21/2023","383.90","387.44","390.48","383.75","1.54M","-2.04%"
"09/20/2023","391.88","389.15","397.99","387.88","1.49M","1.93%"
"09/19/2023","384.45","382.65","386.43","379.42","740.80K","0.43%"
"09/18/2023","382.81","391.70","391.99","381.68","1.18M","-1.83%"
"09/15/2023","389.93","388.90","390.00","383.67","1.41M","0.31%"
"09/14/2023","388.74","394.18","394.18","384.31","914.43K","-0.06%"
"09/13/2023","388.97","386.67","392.98","385.56","898.80K","0.22%"
"09/12/2023","388.12","396.27","400.43","387.18","1.10M","-2.35%"
"09/11/2023","397.44","396.36","399.30","392.77","764.34K","0.27%"
"09/08/2023","396.36","401.05","401.38","395.51","665.65K","-0.66%"
"09/07/2023","398.99","397.52","400.83","396.01","830.33K","0.00%"
"09/06/2023","399.00","400.71","404.47","396.77","990.12K","-0.70%"
"09/05/2023","401.81","400.00","406.94","397.28","1.86M","-0.59%"
"09/01/2023","404.19","393.00","406.75","385.11","5.18M","6.01%"
"08/31/2023","381.26","379.27","382.89","378.50","3.33M","1.20%"
"08/30/2023","376.73","378.87","379.00","373.50","1.18M","0.53%"
"08/29/2023","374.73","365.01","375.87","363.35","1.26M","2.43%"
"08/28/2023","365.84","367.09","367.99","362.97","1.19M","0.07%"
"08/25/2023","365.59","362.06","367.39","360.42","1.14M","1.49%"
"08/24/2023","360.22","379.41","379.41","359.81","2.35M","-4.63%"
"08/23/2023","377.71","374.96","379.33","368.83","1.41M","-0.45%"
"08/22/2023","379.42","380.60","381.53","373.54","1.12M","-1.42%"
"08/21/2023","384.90","382.95","385.74","381.34","1.01M","0.95%"
"08/18/2023","381.29","372.59","382.65","371.45","945.95K","1.33%"
"08/17/2023","376.30","383.85","384.02","376.04","831.36K","-1.28%"
"08/16/2023","381.16","384.78","389.78","381.08","743.56K","-0.53%"
"08/15/2023","383.18","383.00","385.45","378.01","941.74K","-0.48%"
"08/14/2023","385.02","380.00","387.43","379.53","861.32K","1.02%"
"08/11/2023","381.13","382.98","383.60","377.74","650.17K","-0.89%"
"08/10/2023","384.55","385.88","394.64","383.37","937.65K","0.58%"
"08/09/2023","382.33","382.00","385.99","376.63","748.14K","0.43%"
"08/08/2023","380.70","378.64","381.11","373.71","860.64K","-0.47%"
"08/07/2023","382.50","380.95","383.09","377.19","761.55K","1.14%"
"08/04/2023","378.20","385.41","386.47","377.43","908.12K","-1.51%"
"08/03/2023","384.00","375.76","385.45","375.00","1.06M","1.95%"
"08/02/2023","376.65","377.46","378.58","375.00","916.47K","-1.20%"
"08/01/2023","381.21","376.99","382.31","375.99","1.10M","0.71%"
"07/31/2023","378.53","377.96","382.07","377.39","867.20K","0.15%"
"07/28/2023","377.96","375.87","378.64","374.52","1.04M","1.94%"
"07/27/2023","370.75","381.42","382.88","368.76","1.26M","-2.17%"
"07/26/2023","378.98","380.93","381.54","375.80","782.46K","-0.82%"
"07/25/2023","382.12","380.00","383.11","378.73","725.80K","0.45%"
"07/24/2023","380.39","382.43","384.35","376.81","1.21M","-0.67%"
"07/21/2023","382.96","384.62","388.38","381.00","2.64M","0.29%"
"07/20/2023","381.86","386.58","390.83","381.43","1.34M","-2.22%"
"07/19/2023","390.51","385.00","394.54","384.87","1.48M","1.32%"
"07/18/2023","385.42","384.38","385.57","379.23","935.24K","0.45%"
"07/17/2023","383.69","379.07","385.35","378.40","809.55K","0.86%"
"07/14/2023","380.41","379.73","381.78","377.52","660.48K","0.23%"
"07/13/2023","379.54","386.99","387.73","379.34","702.08K","-0.99%"
"07/12/2023","383.32","383.60","384.74","378.55","979.86K","1.01%"
"07/11/2023","379.48","371.44","380.09","371.38","887.32K","2.70%"
"07/10/2023","369.52","364.72","372.88","364.29","1.04M","1.59%"
"07/07/2023","363.74","366.00","367.90","363.26","935.34K","-0.90%"
"07/06/2023","367.03","370.00","373.48","366.01","1.14M","-2.38%"
"07/05/2023","375.99","376.33","381.15","374.10","1.00M","-0.90%"
"07/03/2023","379.41","379.90","381.50","377.61","498.27K","0.24%"
"06/30/2023","378.50","375.37","380.37","374.76","1.48M","2.23%"
"06/29/2023","370.26","378.02","379.96","369.84","1.10M","-1.59%"
"06/28/2023","376.25","377.06","378.83","374.34","880.41K","0.46%"
"06/27/2023","374.52","375.29","377.50","374.16","823.30K","0.20%"
"06/26/2023","373.77","377.31","378.29","373.47","1.03M","-0.13%"
"06/23/2023","374.25","374.10","377.30","372.46","3.27M","-0.98%"
"06/22/2023","377.96","376.43","379.42","376.00","887.21K","-0.22%"
"06/21/2023","378.81","384.03","385.50","378.02","1.21M","-1.22%"
"06/20/2023","383.49","383.00","383.83","378.76","1.47M","0.12%"
"06/16/2023","383.02","386.87","386.87","381.05","1.85M","0.10%"
"06/15/2023","382.63","377.21","383.20","376.10","1.41M","1.44%"
"06/14/2023","377.21","370.00","378.76","369.09","1.83M","2.40%"
"06/13/2023","368.36","370.25","370.53","364.43","1.63M","0.05%"
"06/12/2023","368.18","362.18","368.80","357.16","1.94M","2.16%"
"06/09/2023","360.40","355.49","360.50","354.01","1.71M","1.54%"
"06/08/2023","354.95","354.02","355.27","350.90","1.37M","0.29%"
"06/07/2023","353.93","355.09","358.40","352.54","1.38M","-0.59%"
"06/06/2023","356.02","357.90","361.61","354.78","1.71M","-0.12%"
"06/05/2023","356.44","363.00","363.64","355.61","3.09M","-2.46%"
"06/02/2023","365.44","378.23","386.33","364.82","9.32M","11.30%"
"06/01/2023","328.35","330.91","334.68","326.93","4.17M","-1.08%"
"05/31/2023","331.93","335.39","335.99","329.12","3.74M","-1.40%"
"05/30/2023","336.64","341.02","343.38","335.35","2.53M","-1.06%"
"05/26/2023","340.26","342.34","344.39","339.49","1.79M","-0.61%"
"05/25/2023","342.34","343.09","346.53","340.95","1.42M","-0.65%"
"05/24/2023","344.58","353.86","353.97","343.42","2.12M","-2.62%"
"05/23/2023","353.86","362.40","362.99","352.45","1.59M","-2.55%"
"05/22/2023","363.12","366.93","367.84","356.65","1.83M","-1.47%"
"05/19/2023","368.53","375.21","375.21","365.11","1.57M","-2.69%"
"05/18/2023","378.70","371.90","379.35","371.15","1.22M","1.74%"
"05/17/2023","372.22","371.30","373.24","367.35","1.38M","0.19%"
"05/16/2023","371.52","372.16","372.88","367.55","1.51M","-1.12%"
"05/15/2023","375.71","376.60","378.00","373.71","1.30M","-0.13%"
"05/12/2023","376.20","377.01","378.43","372.50","1.04M","-0.30%"
"05/11/2023","377.32","378.75","379.66","376.05","775.90K","-0.53%"
"05/10/2023","379.32","385.36","385.36","377.72","1.03M","-0.56%"
"05/09/2023","381.44","377.11","383.37","375.93","1.00M","-0.11%"
"05/08/2023","381.86","387.99","388.99","380.92","1.13M","-1.25%"
"05/05/2023","386.71","385.33","389.06","382.63","1.32M","1.22%"
"05/04/2023","382.06","383.12","384.73","381.02","1.48M","-0.28%"
"05/03/2023","383.12","381.53","387.68","378.38","1.28M","0.62%"
"05/02/2023","380.75","383.18","383.80","378.25","1.23M","-1.10%"
"05/01/2023","384.99","380.58","385.43","380.21","1.30M","1.33%"
"04/28/2023","379.93","377.16","380.33","375.91","1.01M","0.49%"
"04/27/2023","378.08","376.34","379.15","373.32","1.05M","1.38%"
"04/26/2023","372.94","373.78","375.21","371.86","1.02M","0.03%"
"04/25/2023","372.81","378.22","380.39","372.26","1.78M","-2.24%"
"04/24/2023","381.37","378.76","384.25","377.83","1.50M","0.94%"
"04/21/2023","377.80","376.71","378.09","374.28","1.01M","0.29%"
"04/20/2023","376.71","369.53","377.84","369.07","1.40M","1.78%"
"04/19/2023","370.12","371.75","374.05","369.85","878.80K","-0.64%"
"04/18/2023","372.50","372.10","373.50","369.53","1.41M","1.12%"
"04/17/2023","368.38","369.99","373.41","366.99","1.82M","0.04%"
"04/14/2023","368.25","364.00","369.14","363.86","1.03M","1.06%"
"04/13/2023","364.38","365.87","366.86","363.50","1.20M","0.23%"
"04/12/2023","363.54","370.00","370.00","363.11","1.09M","-0.62%"
"04/11/2023","365.81","362.75","368.94","361.80","1.33M","0.67%"
"04/10/2023","363.37","361.47","364.67","361.17","972.18K","-0.26%"
"04/06/2023","364.33","362.22","365.59","359.64","1.32M","-0.13%"
"04/05/2023","364.81","367.64","371.26","362.76","1.44M","-0.54%"
"04/04/2023","366.80","366.59","370.26","364.80","1.68M","-0.16%"
"04/03/2023","367.40","364.19","367.52","361.73","1.66M","0.88%"
"03/31/2023","364.19","360.05","364.49","357.73","2.22M","1.70%"
"03/30/2023","358.09","365.00","368.14","356.50","2.86M","-0.82%"
"03/29/2023","361.04","366.25","370.25","359.64","11.50M","12.72%"
"03/28/2023","320.31","319.61","321.25","314.22","5.87M","0.97%"
"03/27/2023","317.22","316.30","317.87","310.41","1.82M","1.20%"
"03/24/2023","313.45","308.06","315.51","306.59","1.51M","1.70%"
"03/23/2023","308.22","308.28","312.58","304.19","1.52M","1.48%"
"03/22/2023","303.73","301.62","312.20","300.78","2.46M","1.65%"
"03/21/2023","298.81","296.53","304.75","296.45","2.37M","1.83%"
"03/20/2023","293.45","295.96","297.43","289.81","1.62M","-0.44%"
"03/17/2023","294.74","294.87","297.32","289.94","2.52M","-0.89%"
"03/16/2023","297.40","290.42","297.54","289.14","1.67M","1.42%"
"03/15/2023","293.23","291.02","294.29","286.58","2.06M","-0.63%"
"03/14/2023","295.10","296.15","296.52","291.50","2.81M","0.75%"
"03/13/2023","292.90","294.41","296.83","288.53","3.39M","-1.13%"
"03/10/2023","296.26","302.88","302.92","294.23","2.86M","-1.84%"
"03/09/2023","301.80","305.73","309.19","300.19","1.49M","-1.33%"
"03/08/2023","305.87","302.11","307.27","300.65","1.40M","1.35%"
"03/07/2023","301.81","305.73","311.40","301.53","1.97M","-0.92%"
"03/06/2023","304.60","314.27","316.85","304.53","2.40M","-3.86%"
"03/03/2023","316.83","314.00","317.59","311.30","977.53K","1.66%"
"03/02/2023","311.65","307.94","313.60","306.57","898.33K","0.70%"
"03/01/2023","309.49","309.39","311.76","303.81","1.26M","0.09%"
"02/28/2023","309.20","308.68","312.98","308.38","1.03M","-0.35%"
"02/27/2023","310.30","311.50","313.14","307.36","1.01M","0.71%"
"02/24/2023","308.10","313.33","313.33","305.82","1.29M","-3.05%"
"02/23/2023","317.80","316.54","318.00","310.21","984.02K","0.40%"
"02/22/2023","316.52","313.77","317.54","312.35","768.77K","0.77%"
"02/21/2023","314.11","314.83","318.34","313.80","1.07M","-1.95%"
"02/17/2023","320.36","318.77","322.11","315.20","840.10K","-0.46%"
"02/16/2023","321.83","322.61","328.16","319.58","1.10M","-1.05%"
"02/15/2023","325.23","318.06","325.27","317.67","1.03M","1.67%"
"02/14/2023","319.88","313.64","321.79","311.66","1.01M","0.88%"
"02/13/2023","317.08","311.31","317.48","309.97","1.20M","2.48%"
"02/10/2023","309.40","306.91","311.50","305.78","1.36M","-0.34%"
"02/09/2023","310.45","313.43","316.53","309.23","1.15M","0.38%"
"02/08/2023","309.28","314.06","315.52","307.03","1.48M","-3.08%"
"02/07/2023","319.10","311.66","319.78","305.78","1.26M","2.50%"
"02/06/2023","311.32","314.42","319.39","310.19","1.25M","-2.54%"
"02/03/2023","319.42","317.50","325.10","317.50","1.19M","-1.03%"
"02/02/2023","322.76","318.96","328.42","316.56","2.22M","2.23%"
"02/01/2023","315.71","306.90","318.69","305.25","2.01M","2.88%"
"01/31/2023","306.88","303.21","307.26","301.80","1.67M","1.42%"
"01/30/2023","302.59","308.98","310.96","302.41","1.59M","-2.66%"
"01/27/2023","310.85","307.81","311.69","305.18","2.08M","0.41%"
"01/26/2023","309.59","313.27","313.50","305.77","1.71M","0.02%"
"01/25/2023","309.52","305.41","310.85","304.22","1.43M","-0.54%"
"01/24/2023","311.21","304.45","311.42","302.11","2.69M","-1.54%"
"01/23/2023","316.08","312.50","319.13","310.00","1.64M","1.05%"
"01/20/2023","312.80","307.25","314.42","304.34","1.54M","1.58%"
"01/19/2023","307.94","316.01","316.84","306.70","1.52M","-3.18%"
"01/18/2023","318.07","324.85","327.76","317.17","1.28M","-1.78%"
"01/17/2023","323.82","314.00","324.19","313.15","1.49M","2.65%"
"01/13/2023","315.47","311.17","315.74","310.25","1.54M","0.15%"
"01/12/2023","314.99","311.96","316.85","306.86","1.59M","0.97%"
"01/11/2023","311.96","310.76","312.41","306.90","2.22M","0.80%"
"01/10/2023","309.48","299.84","309.88","298.59","3.14M","3.62%"
"01/09/2023","298.66","293.20","304.41","289.48","8.29M","-9.29%"
"01/06/2023","329.26","329.50","334.23","326.82","2.30M","1.02%"
"01/05/2023","325.93","320.87","328.54","316.50","1.79M","1.54%"
"01/04/2023","320.98","326.56","326.75","317.03","1.68M","-0.74%"
"01/03/2023","323.38","326.88","327.34","319.46","1.30M","0.94%"
"12/30/2022","320.38","311.86","320.47","311.30","1.35M","1.12%"
"12/29/2022","316.82","310.21","318.31","310.04","936.00K","2.54%"
"12/28/2022","308.96","313.99","315.82","307.63","1.46M","-1.93%"
"12/27/2022","315.04","312.77","318.99","309.66","1.29M","1.12%"
"12/23/2022","311.54","310.25","312.68","309.00","933.60K","-0.44%"
"12/22/2022","312.93","313.02","314.49","308.69","1.50M","-1.20%"
"12/21/2022","316.74","317.91","320.42","311.56","2.32M","3.13%"
"12/20/2022","307.12","315.00","315.55","306.38","2.35M","-3.09%"
"12/19/2022","316.92","321.31","321.31","316.51","1.25M","-1.34%"
"12/16/2022","321.24","322.07","326.50","318.19","2.17M","-1.22%"
"12/15/2022","325.21","327.10","331.49","325.00","2.07M","-2.44%"
"12/14/2022","333.33","326.27","337.27","326.00","2.82M","2.16%"
"12/13/2022","326.27","338.00","339.81","321.50","2.62M","-0.60%"
"12/12/2022","328.23","325.24","328.50","319.00","4.12M","0.56%"
"12/09/2022","326.39","344.13","349.00","323.15","9.31M","-12.85%"
"12/08/2022","374.51","374.99","377.20","368.44","3.34M","0.59%"
"12/07/2022","372.33","371.23","377.01","369.98","1.39M","0.63%"
"12/06/2022","370.00","380.60","382.08","366.39","1.20M","-2.92%"
"12/05/2022","381.13","384.14","384.14","374.76","1.70M","-1.26%"
"12/02/2022","385.99","375.51","386.70","375.20","1.18M","1.09%"
"12/01/2022","381.82","380.31","386.45","377.89","1.24M","0.40%"
"11/30/2022","380.31","364.57","380.87","362.65","2.27M","4.68%"
"11/29/2022","363.32","363.39","368.09","361.43","932.82K","0.01%"
"11/28/2022","363.28","361.76","368.14","361.33","1.10M","0.59%"
"11/25/2022","361.16","359.45","362.28","358.76","523.43K","0.17%"
"11/23/2022","360.53","355.38","362.11","353.08","824.29K","1.37%"
"11/22/2022","355.64","351.79","355.87","346.66","901.81K","1.79%"
"11/21/2022","349.38","344.29","351.31","340.50","1.04M","0.44%"
"11/18/2022","347.85","358.12","360.00","344.30","1.20M","-1.81%"
"11/17/2022","354.27","349.74","355.13","347.59","806.90K","-0.42%"
"11/16/2022","355.76","351.65","357.42","345.77","1.35M","-1.06%"
"11/15/2022","359.56","364.91","368.54","357.35","1.32M","1.93%"
"11/14/2022","352.74","354.46","360.66","351.06","1.26M","-1.93%"
"11/11/2022","359.70","353.43","370.46","353.00","2.34M","1.65%"
"11/10/2022","353.85","338.83","354.64","338.75","2.21M","10.16%"
"11/09/2022","321.21","328.26","334.82","320.15","1.37M","-2.22%"
"11/08/2022","328.50","326.08","334.54","323.57","1.04M","1.31%"
"11/07/2022","324.25","330.42","330.42","317.60","929.61K","-0.41%"
"11/04/2022","325.57","327.53","330.88","317.39","992.42K","2.35%"
"11/03/2022","318.10","315.18","322.83","310.52","873.63K","0.65%"
"11/02/2022","316.06","328.91","331.11","315.81","1.33M","-4.33%"
"11/01/2022","330.36","335.00","337.14","327.08","1.15M","0.40%"
"10/31/2022","329.04","325.00","332.59","323.57","1.22M","0.17%"
"10/28/2022","328.48","314.14","329.48","312.49","1.70M","2.45%"
"10/27/2022","320.61","323.50","327.30","316.31","1.34M","-0.22%"
"10/26/2022","321.33","316.78","328.81","314.10","1.73M","0.22%"
"10/25/2022","320.63","301.85","321.62","300.53","2.27M","7.71%"
"10/24/2022","297.68","299.84","299.84","287.64","1.24M","-0.32%"
"10/21/2022","298.63","291.46","299.13","289.01","1.26M","1.88%"
"10/20/2022","293.13","296.72","303.93","290.20","1.34M","-1.26%"
"10/19/2022","296.87","295.00","304.50","293.76","1.56M","-0.30%"
"10/18/2022","297.76","307.74","308.88","294.26","1.14M","0.04%"
"10/17/2022","297.65","295.56","300.53","293.32","1.49M","3.07%"
"10/14/2022","288.78","300.27","304.00","286.28","1.55M","-1.95%"
"10/13/2022","294.51","285.50","299.58","279.10","1.49M","-0.34%"
"10/12/2022","295.50","298.85","302.87","292.12","1.67M","-0.06%"
"10/11/2022","295.68","296.92","304.28","287.83","2.58M","2.01%"
"10/10/2022","289.85","297.64","297.64","286.55","1.13M","-2.81%"
"10/07/2022","298.22","303.55","306.44","296.47","1.28M","-3.95%"
"10/06/2022","310.48","308.02","316.27","308.02","1.06M","0.14%"
"10/05/2022","310.05","303.85","311.55","301.67","1.26M","0.73%"
"10/04/2022","307.80","302.13","308.97","301.67","1.55M","5.37%"
"10/03/2022","292.10","281.50","295.64","281.12","1.78M","4.49%"
"09/30/2022","279.56","285.65","287.48","277.50","3.84M","-6.88%"
"09/29/2022","300.22","303.97","304.81","296.14","1.26M","-2.95%"
"09/28/2022","309.34","300.10","310.89","298.54","1.24M","3.39%"
"09/27/2022","299.19","300.20","303.46","294.56","1.25M","1.54%"
"09/26/2022","294.66","292.26","300.79","291.87","1.33M","0.50%"
"09/23/2022","293.20","302.50","303.49","289.26","1.93M","-4.28%"
"09/22/2022","306.30","318.05","318.28","306.02","1.62M","-3.72%"
"09/21/2022","318.12","334.13","334.13","317.90","1.41M","-4.06%"
"09/20/2022","331.57","334.08","335.67","327.80","819.31K","-1.63%"
"09/19/2022","337.08","330.07","337.45","329.43","1.04M","1.15%"
"09/16/2022","333.24","331.85","336.56","330.16","1.52M","-1.58%"
"09/15/2022","338.60","341.17","345.10","336.57","1.07M","-1.26%"
"09/14/2022","342.92","339.04","343.37","335.39","1.41M","1.66%"
"09/13/2022","337.32","342.95","346.21","335.37","1.44M","-4.37%"
"09/12/2022","352.74","349.00","353.26","348.06","1.22M","1.17%"
"09/09/2022","348.65","348.45","355.59","347.50","2.19M","0.83%"
"09/08/2022","345.79","334.64","346.02","332.91","2.21M","2.65%"
"09/07/2022","336.87","329.20","339.75","324.46","2.62M","2.76%"
"09/06/2022","327.81","313.90","328.58","312.39","3.92M","4.34%"
"09/02/2022","314.17","326.40","329.64","311.12","8.78M","6.70%"
"09/01/2022","294.45","293.97","294.88","283.31","3.50M","-1.84%"
"08/31/2022","299.96","307.96","310.49","295.54","1.92M","-2.32%"
"08/30/2022","307.07","311.36","312.00","302.50","1.18M","-0.14%"
"08/29/2022","307.50","304.98","311.97","303.66","1.17M","-1.22%"
"08/26/2022","311.31","323.20","324.90","310.14","1.11M","-3.73%"
"08/25/2022","323.36","319.22","323.59","317.04","603.24K","1.74%"
"08/24/2022","317.84","315.10","321.02","313.26","551.86K","0.60%"
"08/23/2022","315.93","315.35","322.55","314.69","689.32K","0.23%"
"08/22/2022","315.22","317.12","321.49","313.52","892.32K","-2.25%"
"08/19/2022","322.47","328.48","329.02","321.32","935.17K","-3.28%"
"08/18/2022","333.42","330.57","334.96","328.51","834.10K","1.10%"
"08/17/2022","329.80","327.53","332.50","324.51","772.64K","-0.57%"
"08/16/2022","331.70","331.00","335.71","326.26","1.08M","0.41%"
"08/15/2022","330.34","320.18","330.47","320.14","953.90K","2.69%"
"08/12/2022","321.69","320.70","322.90","317.00","754.95K","1.49%"
"08/11/2022","316.98","325.84","329.10","314.56","915.87K","-0.71%"
"08/10/2022","319.26","314.00","322.00","313.45","1.15M","4.15%"
"08/09/2022","306.55","314.02","314.50","303.16","669.78K","-3.06%"
"08/08/2022","316.24","317.04","326.50","315.13","844.68K","-0.49%"
"08/05/2022","317.80","309.30","321.42","308.77","1.01M","0.44%"
"08/04/2022","316.40","316.35","317.57","313.67","882.23K","0.32%"
"08/03/2022","315.38","311.00","316.97","308.44","849.74K","3.17%"
"08/02/2022","305.70","307.42","310.42","303.58","803.46K","-1.39%"
"08/01/2022","310.01","308.09","314.15","305.68","743.70K","-0.16%"
"07/29/2022","310.51","304.38","310.86","299.50","1.38M","2.19%"
"07/28/2022","303.85","295.57","305.16","293.36","807.16K","2.80%"
"07/27/2022","295.57","285.55","296.35","283.93","1.30M","4.29%"
"07/26/2022","283.41","293.75","294.53","281.57","1.62M","-5.94%"
"07/25/2022","301.32","306.00","306.00","298.82","512.76K","-1.04%"
"07/22/2022","304.50","307.50","312.25","301.95","808.75K","-0.93%"
"07/21/2022","307.36","305.30","308.25","300.16","909.11K","1.51%"
"07/20/2022","302.79","295.49","303.77","294.34","1.00M","2.18%"
"07/19/2022","296.34","290.31","296.63","286.84","864.10K","4.11%"
"07/18/2022","284.64","291.60","293.54","283.04","700.89K","-0.62%"
"07/15/2022","286.41","280.89","287.63","280.60","946.05K","2.66%"
"07/14/2022","278.99","277.35","280.70","272.26","797.67K","-0.70%"
"07/13/2022","280.97","272.89","283.00","271.05","797.33K","0.57%"
"07/12/2022","279.39","282.81","289.00","277.05","776.80K","-0.84%"
"07/11/2022","281.76","281.00","287.20","277.10","1.23M","-3.96%"
"07/08/2022","293.39","288.91","295.48","285.15","892.72K","0.92%"
"07/07/2022","290.72","280.33","291.87","278.23","931.65K","3.69%"
"07/06/2022","280.38","284.32","288.90","275.76","956.74K","-1.14%"
"07/05/2022","283.62","263.17","283.84","258.79","2.42M","7.68%"
"07/01/2022","263.38","269.14","271.08","261.03","1.87M","-3.39%"
"06/30/2022","272.61","277.49","279.83","271.00","1.25M","-3.66%"
"06/29/2022","282.98","280.46","286.46","276.53","819.64K","1.59%"
"06/28/2022","278.56","288.37","294.06","278.16","940.25K","-3.10%"
"06/27/2022","287.48","295.12","297.06","284.23","1.01M","-2.00%"
"06/24/2022","293.36","289.92","295.71","288.47","1.44M","2.46%"
"06/23/2022","286.33","282.14","288.41","278.00","972.20K","3.04%"
"06/22/2022","277.88","274.12","280.59","271.35","979.72K","0.52%"
"06/21/2022","276.45","282.89","284.50","275.89","1.13M","-0.60%"
"06/17/2022","278.13","271.27","281.23","271.15","1.38M","2.50%"
"06/16/2022","271.34","278.37","278.37","267.78","1.27M","-5.03%"
"06/15/2022","285.72","283.21","290.12","279.75","955.43K","1.86%"
"06/14/2022","280.50","280.44","284.62","276.58","931.04K","0.69%"
"06/13/2022","278.58","280.42","282.36","273.34","1.75M","-4.47%"
"06/10/2022","291.60","294.58","297.50","290.07","1.18M","-3.54%"
"06/09/2022","302.30","303.81","309.44","302.13","866.95K","-1.78%"
"06/08/2022","307.77","306.55","312.90","304.32","954.24K","0.52%"
"06/07/2022","306.19","295.00","307.86","294.68","1.29M","1.52%"
"06/06/2022","301.62","305.00","308.42","296.60","1.85M","0.27%"
"06/03/2022","300.80","303.45","305.81","293.57","4.00M","-0.59%"
"06/02/2022","302.58","290.55","303.24","286.70","4.30M","4.35%"
"06/01/2022","289.96","297.85","299.70","286.86","2.20M","-0.93%"
"05/31/2022","292.69","296.36","298.19","289.03","2.96M","-0.33%"
"05/27/2022","293.65","288.82","297.56","288.82","1.85M","2.15%"
"05/26/2022","287.48","276.43","289.47","275.49","2.34M","10.29%"
"05/25/2022","260.66","254.88","264.60","251.51","2.57M","1.22%"
"05/24/2022","257.51","266.40","267.17","253.07","1.85M","-5.62%"
"05/23/2022","272.84","269.92","273.36","265.53","1.30M","-0.44%"
"05/20/2022","274.04","279.89","280.86","263.20","1.85M","1.04%"
"05/19/2022","271.22","267.70","278.71","264.24","1.97M","-0.48%"
"05/18/2022","272.52","296.00","296.01","268.36","2.83M","-10.79%"
"05/17/2022","305.48","314.88","316.49","300.77","1.22M","0.44%"
"05/16/2022","304.15","302.11","308.66","300.53","751.64K","-1.66%"
"05/13/2022","309.29","303.13","312.58","301.36","1.07M","5.20%"
"05/12/2022","294.00","285.00","302.79","281.55","1.47M","0.93%"
"05/11/2022","291.30","302.11","306.54","290.78","1.45M","-3.58%"
"05/10/2022","302.11","301.42","307.84","288.72","1.39M","3.22%"
"05/09/2022","292.68","308.79","313.00","291.00","2.20M","-7.69%"
"05/06/2022","317.05","336.26","336.75","309.53","2.65M","-7.73%"
"05/05/2022","343.60","359.97","360.94","338.33","1.18M","-5.78%"
"05/04/2022","364.67","352.78","365.32","345.17","962.04K","2.52%"
"05/03/2022","355.70","360.02","361.45","353.12","738.88K","-1.42%"
"05/02/2022","360.84","354.00","361.44","349.63","794.28K","1.75%"
"04/29/2022","354.63","364.02","371.36","353.93","996.94K","-2.15%"
"04/28/2022","362.43","359.35","367.32","352.08","1.00M","2.38%"
"04/27/2022","354.02","352.54","361.98","350.05","1.12M","0.42%"
"04/26/2022","352.53","364.24","366.79","352.44","1.33M","-4.23%"
"04/25/2022","368.09","361.60","368.47","356.51","1.35M","1.22%"
"04/22/2022","363.66","373.73","376.51","362.66","1.64M","-3.60%"
"04/21/2022","377.25","388.49","392.00","375.01","1.74M","-2.11%"
"04/20/2022","385.40","410.32","410.70","384.87","2.28M","-4.76%"
"04/19/2022","404.66","395.88","408.49","394.47","1.95M","4.41%"
"04/18/2022","387.56","389.35","393.64","382.42","843.01K","-0.82%"
"04/14/2022","390.78","394.86","398.00","390.17","1.51M","-1.08%"
"04/13/2022","395.03","376.11","398.54","375.79","2.18M","5.02%"
"04/12/2022","376.16","373.26","390.76","372.46","1.79M","2.01%"
"04/11/2022","368.74","365.56","372.41","361.11","1.26M","-0.19%"
"04/08/2022","369.46","376.54","378.22","369.08","1.27M","-2.58%"
"04/07/2022","379.23","369.78","380.40","368.76","1.26M","1.99%"
"04/06/2022","371.83","372.00","374.72","365.00","1.47M","-1.89%"
"04/05/2022","378.99","382.68","383.77","372.28","1.50M","-1.35%"
"04/04/2022","384.18","368.36","384.40","368.25","1.80M","4.56%"
"04/01/2022","367.44","364.90","369.23","362.70","1.36M","0.61%"
"03/31/2022","365.23","374.95","377.00","364.91","2.23M","-3.10%"
"03/30/2022","376.92","370.00","389.14","358.57","8.05M","9.58%"
"03/29/2022","343.97","337.00","353.39","336.07","2.98M","3.67%"
"03/28/2022","331.78","320.22","334.00","319.86","2.25M","3.31%"
"03/25/2022","321.14","319.00","321.84","316.01","1.32M","1.07%"
"03/24/2022","317.74","310.54","317.83","306.05","1.04M","2.36%"
"03/23/2022","310.42","313.38","315.77","308.18","973.51K","-1.46%"
"03/22/2022","315.03","313.29","318.50","311.71","1.18M","2.21%"
"03/21/2022","308.22","316.08","317.03","303.50","1.03M","-2.75%"
"03/18/2022","316.93","304.91","317.53","304.75","1.27M","3.03%"
"03/17/2022","307.60","304.03","309.77","300.22","834.98K","0.82%"
"03/16/2022","305.10","297.12","306.39","292.25","1.25M","5.24%"
"03/15/2022","289.92","284.13","293.01","278.00","1.73M","0.24%"
"03/14/2022","289.24","290.67","293.76","283.00","1.45M","-0.79%"
"03/11/2022","291.55","306.13","306.13","291.38","978.43K","-3.38%"
"03/10/2022","301.74","300.00","303.98","297.52","933.88K","-1.33%"
"03/09/2022","305.82","305.92","306.79","301.22","1.57M","3.14%"
"03/08/2022","296.52","301.86","306.01","292.19","1.63M","-1.94%"
"03/07/2022","302.38","322.63","324.47","301.87","1.44M","-5.68%"
"03/04/2022","320.58","321.26","323.99","314.54","1.13M","-0.70%"
"03/03/2022","322.84","330.66","331.50","320.50","1.09M","-2.19%"
"03/02/2022","330.07","317.39","330.78","316.76","1.36M","4.72%"
"03/01/2022","315.18","321.11","326.02","313.30","1.24M","-1.49%"
"02/28/2022","319.94","312.42","320.43","311.33","1.28M","0.74%"
"02/25/2022","317.58","310.00","318.42","305.29","937.17K","2.33%"
"02/24/2022","310.36","285.78","311.14","283.21","1.48M","5.12%"
"02/23/2022","295.24","309.20","309.52","295.17","995.96K","-3.07%"
"02/22/2022","304.58","306.57","311.59","300.93","1.29M","-1.32%"
"02/18/2022","308.66","313.24","315.42","307.01","822.49K","-0.44%"
"02/17/2022","310.03","317.46","321.15","309.59","708.88K","-3.13%"
"02/16/2022","320.04","316.46","321.24","312.02","778.48K","0.59%"
"02/15/2022","318.15","320.91","322.71","315.11","817.35K","1.44%"
"02/14/2022","313.64","316.14","320.26","309.97","1.12M","-0.97%"
"02/11/2022","316.72","333.21","336.10","315.63","1.24M","-5.27%"
"02/10/2022","334.35","332.05","343.92","331.18","1.17M","-1.56%"
"02/09/2022","339.64","339.21","343.57","335.00","683.38K","1.57%"
"02/08/2022","334.40","331.69","336.14","327.65","665.64K","0.66%"
"02/07/2022","332.20","336.37","338.81","327.81","829.11K","-1.24%"
"02/04/2022","336.37","329.75","339.52","329.75","949.93K","1.82%"
"02/03/2022","330.35","338.00","345.48","329.25","1.66M","-5.40%"
"02/02/2022","349.19","348.86","353.62","344.39","2.26M","1.24%"
"02/01/2022","344.91","335.48","346.13","333.39","1.81M","3.34%"
"01/31/2022","333.76","317.34","334.08","316.41","1.90M","5.65%"
"01/28/2022","315.91","303.26","316.33","301.60","1.35M","3.06%"
"01/27/2022","306.52","307.84","312.43","304.45","1.42M","1.24%"
"01/26/2022","302.76","313.50","319.76","299.17","1.45M","-1.97%"
"01/25/2022","308.83","313.01","315.80","305.12","1.33M","-3.98%"
"01/24/2022","321.62","308.19","322.39","296.19","2.43M","2.75%"
"01/21/2022","313.02","321.50","324.00","312.66","1.73M","-2.95%"
"01/20/2022","322.53","334.50","340.29","321.65","1.36M","-2.54%"
"01/19/2022","330.95","334.38","338.10","329.02","988.41K","-0.48%"
"01/18/2022","332.53","325.07","336.33","324.00","1.38M","1.08%"
"01/14/2022","328.98","333.50","335.48","325.73","1.85M","-2.17%"
"01/13/2022","336.27","353.90","354.85","335.73","1.47M","-4.66%"
"01/12/2022","352.72","348.86","354.44","345.48","1.46M","1.72%"
"01/11/2022","346.75","345.81","347.49","337.05","1.69M","-0.48%"
"01/10/2022","348.43","329.95","349.58","323.50","4.22M","-1.91%"
"01/07/2022","355.21","366.04","366.99","354.32","2.21M","-3.68%"
"01/06/2022","368.77","358.93","371.42","355.67","1.66M","1.74%"
"01/05/2022","362.48","381.16","381.16","362.21","1.51M","-4.82%"
"01/04/2022","380.82","387.24","389.71","376.01","1.20M","-1.74%"
"01/03/2022","387.56","392.20","394.49","380.61","1.32M","-0.99%"
"12/31/2021","391.45","400.00","401.97","391.27","1.07M","-1.82%"
"12/30/2021","398.69","401.52","405.40","398.50","935.29K","-0.58%"
"12/29/2021","401.00","400.30","403.00","400.00","741.68K","0.23%"
"12/28/2021","400.07","405.96","406.00","400.00","948.49K","-0.17%"
"12/27/2021","400.75","392.98","401.92","392.98","919.17K","2.35%"
"12/23/2021","391.56","389.01","392.53","383.47","906.72K","0.71%"
"12/22/2021","388.79","385.27","390.91","383.52","1.10M","1.43%"
"12/21/2021","383.31","376.07","385.22","375.07","1.65M","3.44%"
"12/20/2021","370.57","382.62","382.95","366.45","2.21M","-3.66%"
"12/17/2021","384.66","384.15","388.51","378.50","2.07M","-1.53%"
"12/16/2021","390.62","402.48","404.43","386.45","1.71M","-2.95%"
"12/15/2021","402.48","394.08","405.00","385.15","1.90M","1.87%"
"12/14/2021","395.09","398.28","399.82","391.00","1.40M","-2.14%"
"12/13/2021","403.75","412.67","414.88","401.48","1.12M","-1.42%"
"12/10/2021","409.58","410.00","421.39","402.32","2.64M","-1.76%"
"12/09/2021","416.92","426.81","427.47","415.84","2.68M","-2.13%"
"12/08/2021","426.00","434.95","436.38","421.47","1.83M","-2.06%"
"12/07/2021","434.95","434.97","442.50","431.66","1.22M","2.69%"
"12/06/2021","423.54","435.72","436.54","413.06","1.48M","-2.80%"
"12/03/2021","435.72","453.43","454.94","430.67","1.28M","-3.32%"
"12/02/2021","450.68","447.50","454.00","441.40","832.80K","0.50%"
"12/01/2021","448.43","459.55","467.98","447.96","892.46K","-1.32%"
"11/30/2021","454.41","463.19","468.77","452.20","1.26M","-1.91%"
"11/29/2021","463.26","458.50","466.72","455.50","758.24K","1.46%"
"11/26/2021","456.58","460.18","462.11","453.64","418.61K","-0.28%"
"11/24/2021","457.86","452.51","458.39","446.58","633.81K","-0.20%"
"11/23/2021","458.76","460.71","465.39","454.78","595.97K","-0.47%"
"11/22/2021","460.93","473.43","473.43","458.27","791.03K","-2.55%"
"11/19/2021","473.00","474.35","478.28","469.09","872.36K","-0.05%"
"11/18/2021","473.24","469.00","474.06","462.05","750.50K","1.59%"
"11/17/2021","465.84","476.78","477.80","465.34","864.62K","-2.53%"
"11/16/2021","477.91","464.51","485.83","463.73","1.34M","3.45%"
"11/15/2021","461.96","455.75","464.67","454.66","737.95K","2.07%"
"11/12/2021","452.59","457.44","457.44","450.61","721.60K","-0.09%"
"11/11/2021","453.00","461.50","462.91","452.51","502.76K","-0.95%"
"11/10/2021","457.36","464.55","467.56","453.85","645.93K","-2.74%"
"11/09/2021","470.24","466.84","471.84","465.30","612.87K","0.88%"
"11/08/2021","466.14","471.82","471.82","456.76","735.39K","-0.38%"
"11/05/2021","467.91","474.28","477.38","465.78","817.63K","-1.27%"
"11/04/2021","473.94","469.93","478.66","469.02","667.88K","1.38%"
"11/03/2021","467.48","466.13","469.10","462.16","561.21K","0.61%"
"11/02/2021","464.64","461.50","470.11","460.77","676.21K","1.26%"
"11/01/2021","458.88","468.00","469.44","456.10","787.89K","-1.53%"
"10/29/2021","466.01","446.62","467.04","446.08","1.35M","5.09%"
"10/28/2021","443.46","435.31","443.60","435.31","674.95K","2.25%"
"10/27/2021","433.70","432.95","438.36","428.00","527.87K","0.22%"
"10/26/2021","432.73","431.00","435.00","427.11","628.06K","1.12%"
"10/25/2021","427.94","423.74","430.00","423.03","627.07K","1.47%"
"10/22/2021","421.73","422.49","424.57","418.90","444.73K","-0.54%"
"10/21/2021","424.04","416.27","424.85","416.14","565.12K","2.33%"
"10/20/2021","414.40","419.66","423.90","413.66","521.92K","-0.54%"
"10/19/2021","416.64","417.64","420.58","414.32","493.68K","-0.18%"
"10/18/2021","417.38","401.25","417.62","400.30","640.51K","3.44%"
"10/15/2021","403.51","408.09","409.41","403.00","815.71K","-0.86%"
"10/14/2021","406.99","404.48","410.68","402.08","705.53K","1.57%"
"10/13/2021","400.71","390.37","402.07","388.33","1.45M","4.20%"
"10/12/2021","384.57","388.44","389.74","383.24","828.19K","-0.38%"
"10/11/2021","386.04","399.40","399.40","385.61","789.37K","-2.81%"
"10/08/2021","397.22","401.41","401.76","393.72","560.71K","-0.63%"
"10/07/2021","399.72","401.01","408.61","398.40","694.69K","0.40%"
"10/06/2021","398.13","392.66","400.68","392.52","803.62K","0.25%"
"10/05/2021","397.12","399.07","404.81","396.68","812.48K","1.16%"
"10/04/2021","392.57","401.31","401.46","390.42","951.27K","-2.19%"
"10/01/2021","401.37","407.52","408.19","399.38","787.83K","-0.82%"
"09/30/2021","404.70","410.28","411.30","403.32","790.24K","-1.35%"
"09/29/2021","410.22","418.07","419.00","408.50","895.39K","-1.04%"
"09/28/2021","414.54","427.89","429.45","413.70","1.14M","-3.76%"
"09/27/2021","430.72","430.48","434.93","427.81","697.21K","-0.44%"
"09/24/2021","432.61","427.44","433.61","424.07","873.34K","0.16%"
"09/23/2021","431.91","433.00","437.32","430.00","1.49M","0.17%"
"09/22/2021","431.18","425.12","431.28","422.01","948.52K","1.65%"
"09/21/2021","424.19","422.39","426.70","419.55","609.92K","1.11%"
"09/20/2021","419.53","418.10","425.30","412.48","968.25K","-1.65%"
"09/17/2021","426.55","428.40","432.74","424.30","1.55M","0.03%"
"09/16/2021","426.44","417.21","429.80","417.21","964.58K","1.79%"
"09/15/2021","418.95","420.94","421.02","414.09","813.27K","-0.37%"
"09/14/2021","420.50","426.74","427.69","419.39","847.98K","-1.09%"
"09/13/2021","425.12","428.31","428.31","418.99","1.24M","-0.11%"
"09/10/2021","425.58","424.00","430.05","417.09","2.15M","1.16%"
"09/09/2021","420.71","433.73","434.22","420.27","7.77M","10.47%"
"09/08/2021","380.85","384.95","386.28","376.37","2.28M","-1.45%"
"09/07/2021","386.46","394.88","394.95","383.01","1.06M","-0.48%"
"09/03/2021","388.33","388.27","390.77","385.12","712.43K","-0.01%"
"09/02/2021","388.37","398.24","398.85","386.51","882.17K","-1.81%"
"09/01/2021","395.53","400.71","401.95","393.68","966.30K","-1.16%"
"08/31/2021","400.17","413.97","413.97","397.36","1.26M","-3.46%"
"08/30/2021","414.52","406.44","417.85","406.41","853.47K","2.11%"
"08/27/2021","405.97","403.76","409.34","402.83","465.84K","0.38%"
"08/26/2021","404.44","408.54","408.54","402.00","467.54K","-0.95%"
"08/25/2021","408.32","404.85","409.04","402.65","505.98K","0.62%"
"08/24/2021","405.80","403.50","406.83","402.00","488.70K","0.36%"
"08/23/2021","404.36","398.57","406.32","396.56","544.94K","1.64%"
"08/20/2021","397.83","395.92","398.20","391.58","635.49K","0.34%"
"08/19/2021","396.49","385.50","399.00","384.36","840.44K","1.31%"
"08/18/2021","391.38","392.60","397.35","390.99","472.99K","-0.28%"
"08/17/2021","392.48","403.12","403.25","388.20","1.10M","-3.67%"
"08/16/2021","407.42","406.25","407.57","400.37","571.59K","-0.32%"
"08/13/2021","408.72","409.00","409.14","403.17","429.29K","-0.05%"
"08/12/2021","408.91","407.52","410.04","406.39","397.20K","0.02%"
"08/11/2021","408.82","406.26","413.49","405.87","566.83K","0.73%"
"08/10/2021","405.87","407.00","411.49","404.77","602.14K","-0.43%"
"08/09/2021","407.64","409.85","410.51","407.01","546.34K","-0.22%"
"08/06/2021","408.52","412.44","413.00","406.53","609.10K","-1.42%"
"08/05/2021","414.39","411.99","415.34","410.82","554.03K","0.96%"
"08/04/2021","410.47","409.75","413.47","408.27","593.26K","0.73%"
"08/03/2021","407.51","406.95","409.10","403.07","575.04K","1.21%"
"08/02/2021","402.65","402.75","406.00","399.75","512.25K","0.62%"
"07/30/2021","400.17","399.73","403.13","398.09","563.90K","-0.67%"
"07/29/2021","402.87","394.97","406.05","394.97","1.05M","2.49%"
"07/28/2021","393.09","391.51","394.74","389.66","511.60K","0.42%"
"07/27/2021","391.43","393.00","393.49","385.90","652.26K","-1.01%"
"07/26/2021","395.44","402.57","405.93","392.54","798.81K","-1.82%"
"07/23/2021","402.79","394.99","405.95","394.13","1.22M","1.75%"
"07/22/2021","395.85","383.75","397.50","383.75","1.20M","3.19%"
"07/21/2021","383.62","383.20","386.37","380.50","682.51K","0.08%"
"07/20/2021","383.30","375.27","387.92","373.56","1.64M","2.75%"
"07/19/2021","373.04","367.78","373.72","364.51","904.13K","0.36%"
"07/16/2021","371.69","376.41","378.50","370.98","623.86K","-1.19%"
"07/15/2021","376.17","379.61","380.82","370.38","1.15M","-0.22%"
"07/14/2021","376.99","377.65","385.89","376.00","2.12M","1.68%"
"07/13/2021","370.77","367.04","372.60","366.00","647.18K","0.50%"
"07/12/2021","368.91","376.81","377.42","366.69","806.00K","-2.25%"
"07/09/2021","377.42","373.91","378.42","372.77","671.41K","1.04%"
"07/08/2021","373.53","369.70","375.13","369.50","795.55K","-1.14%"
"07/07/2021","377.82","374.48","377.96","371.48","836.86K","1.74%"
"07/06/2021","371.37","369.33","372.32","365.00","948.03K","0.79%"
"07/02/2021","368.47","365.87","369.55","365.51","697.89K","1.16%"
"07/01/2021","364.23","364.00","366.51","361.76","880.85K","-0.20%"
"06/30/2021","364.97","366.04","367.00","364.57","664.02K","-0.46%"
"06/29/2021","366.66","363.40","368.22","363.23","648.92K","0.79%"
"06/28/2021","363.79","365.06","367.59","363.61","1.22M","0.03%"
"06/25/2021","363.69","365.00","371.00","361.00","1.71M","0.49%"
"06/24/2021","361.91","362.31","364.83","361.17","768.23K","0.70%"
"06/23/2021","359.40","358.21","362.17","357.30","684.64K","0.08%"
"06/22/2021","359.11","352.43","360.25","352.43","921.87K","1.94%"
"06/21/2021","352.29","348.17","354.49","345.71","829.09K","1.36%"
"06/18/2021","347.57","346.21","351.26","343.49","1.51M","-0.52%"
"06/17/2021","349.40","335.71","351.10","335.71","2.00M","3.60%"
"06/16/2021","337.26","337.83","339.14","333.77","841.19K","0.62%"
"06/15/2021","335.19","335.32","336.30","333.62","644.75K","-0.72%"
"06/14/2021","337.62","340.77","347.24","335.20","895.18K","-0.20%"
"06/11/2021","338.30","331.10","338.69","329.54","957.68K","2.58%"
"06/10/2021","329.80","329.77","332.69","327.67","671.52K","0.79%"
"06/09/2021","327.22","331.31","331.31","325.63","861.44K","-1.14%"
"06/08/2021","331.00","334.01","334.01","328.41","1.13M","-0.18%"
"06/07/2021","331.61","330.87","338.20","330.19","1.44M","0.63%"
"06/04/2021","329.52","321.86","331.03","318.50","2.59M","3.83%"
"06/03/2021","317.36","318.23","320.67","313.50","1.95M","-1.07%"
"06/02/2021","320.78","319.91","321.71","315.79","1.12M","0.68%"
"06/01/2021","318.62","322.44","323.39","315.90","1.32M","-1.40%"
"05/28/2021","323.13","330.52","330.52","323.00","910.37K","-1.52%"
"05/27/2021","328.11","327.09","331.29","324.44","1.74M","-0.50%"
"05/26/2021","329.76","325.65","330.00","324.54","1.05M","1.74%"
"05/25/2021","324.11","320.84","324.55","318.82","967.15K","1.86%"
"05/24/2021","318.19","313.75","320.25","313.70","735.90K","1.59%"
"05/21/2021","313.20","322.87","322.87","310.41","1.19M","-1.87%"
"05/20/2021","319.17","311.56","320.04","311.56","846.19K","2.86%"
"05/19/2021","310.31","307.01","310.76","304.47","737.71K","-0.55%"
"05/18/2021","312.03","312.99","316.58","311.05","653.59K","-0.80%"
"05/17/2021","314.54","311.35","314.63","309.82","631.85K","-0.03%"
"05/14/2021","314.65","309.42","316.77","309.00","606.47K","2.18%"
"05/13/2021","307.93","307.00","310.89","304.31","854.34K","0.89%"
"05/12/2021","305.21","317.02","321.70","304.30","1.31M","-5.23%"
"05/11/2021","322.04","318.50","323.53","317.00","1.20M","-0.68%"
"05/10/2021","324.26","330.15","331.57","324.26","857.03K","-1.81%"
"05/07/2021","330.24","322.03","331.55","322.03","860.00K","2.79%"
"05/06/2021","321.28","319.13","323.63","317.38","742.28K","-0.25%"
"05/05/2021","322.09","326.86","330.74","321.02","823.88K","-0.86%"
"05/04/2021","324.90","330.00","331.99","321.88","1.03M","-3.12%"
"05/03/2021","335.38","336.47","337.02","332.76","757.06K","0.03%"
"04/30/2021","335.27","342.86","344.45","334.99","1.09M","-2.23%"
"04/29/2021","342.90","340.84","347.00","339.17","1.05M","1.43%"
"04/28/2021","338.06","337.67","342.00","335.95","626.20K","-0.36%"
"04/27/2021","339.28","338.77","341.33","336.41","617.66K","0.44%"
"04/26/2021","337.80","340.50","341.00","334.84","787.51K","-0.93%"
"04/23/2021","340.98","338.61","342.46","336.71","1.64M","0.66%"
"04/22/2021","338.75","326.99","338.88","326.99","2.15M","3.69%"
"04/21/2021","326.68","318.05","326.68","316.81","1.24M","3.28%"
"04/20/2021","316.29","321.33","323.33","315.00","868.18K","-1.86%"
"04/19/2021","322.27","323.17","324.65","321.50","1.06M","-0.56%"
"04/16/2021","324.10","325.51","325.73","321.51","923.44K","-0.53%"
"04/15/2021","325.83","323.80","328.40","323.79","1.06M","0.88%"
"04/14/2021","323.00","324.00","324.94","321.25","1.06M","-0.31%"
"04/13/2021","324.00","323.76","324.24","318.57","1.08M","0.04%"
"04/12/2021","323.87","315.90","324.11","314.83","1.25M","1.81%"
"04/09/2021","318.12","311.45","319.28","310.77","1.36M","1.78%"
"04/08/2021","312.56","309.97","313.88","308.11","1.55M","2.13%"
"04/07/2021","306.04","306.70","311.29","304.75","1.16M","-0.80%"
"04/06/2021","308.52","300.44","309.20","298.27","2.00M","3.27%"
"04/05/2021","298.75","302.75","302.75","296.50","2.16M","-0.77%"
"04/01/2021","301.07","308.29","308.79","300.32","2.99M","-1.84%"
"03/31/2021","306.71","307.75","311.25","300.09","4.93M","-3.27%"
"03/30/2021","317.09","314.00","320.50","312.02","2.54M","0.29%"
"03/29/2021","316.16","317.85","319.49","310.27","1.48M","0.69%"
"03/26/2021","314.00","302.61","314.15","302.48","1.11M","2.54%"
"03/25/2021","306.21","303.56","307.85","298.54","1.33M","-0.36%"
"03/24/2021","307.31","316.96","319.48","306.82","1.04M","-2.14%"
"03/23/2021","314.03","313.83","321.30","313.04","1.16M","0.14%"
"03/22/2021","313.60","309.63","316.49","309.63","889.34K","1.58%"
"03/19/2021","308.71","305.37","312.48","303.51","1.62M","0.77%"
"03/18/2021","306.35","310.60","316.20","305.70","1.11M","-2.81%"
"03/17/2021","315.22","305.07","316.47","304.55","1.02M","2.10%"
"03/16/2021","308.75","314.96","316.55","305.70","1.15M","-1.77%"
"03/15/2021","314.32","306.53","314.45","304.50","875.63K","2.69%"
"03/12/2021","306.08","304.08","307.70","299.72","1.26M","-1.37%"
"03/11/2021","310.34","315.15","315.15","309.18","1.80M","0.43%"
"03/10/2021","309.00","301.09","311.24","299.78","2.37M","3.57%"
"03/09/2021","298.35","297.20","304.79","294.80","1.59M","3.26%"
"03/08/2021","288.94","290.77","295.83","288.14","1.97M","-1.47%"
"03/05/2021","293.24","290.45","293.82","269.28","2.60M","2.84%"
"03/04/2021","285.14","295.85","298.94","280.71","3.08M","-3.67%"
"03/03/2021","295.99","314.50","314.50","295.82","2.48M","-6.77%"
"03/02/2021","317.47","315.02","321.25","312.19","1.37M","0.84%"
"03/01/2021","314.83","312.43","317.32","312.14","1.32M","1.01%"
"02/26/2021","311.68","312.35","316.58","306.40","1.46M","0.50%"
"02/25/2021","310.12","317.54","325.95","308.69","1.28M","-2.39%"
"02/24/2021","317.70","318.79","321.18","312.51","1.13M","-1.60%"
"02/23/2021","322.85","316.02","325.19","305.46","1.95M","0.42%"
"02/22/2021","321.49","327.01","328.04","319.49","1.32M","-3.23%"
"02/19/2021","332.23","337.00","338.19","331.12","1.17M","-1.37%"
"02/18/2021","336.83","335.00","338.42","325.75","1.24M","-0.20%"
"02/17/2021","337.52","336.64","338.50","331.34","869.40K","-0.69%"
"02/16/2021","339.85","343.57","344.50","339.30","862.04K","-0.88%"
"02/12/2021","342.86","345.01","345.67","339.25","829.71K","-0.88%"
"02/11/2021","345.89","343.01","347.00","341.20","950.42K","1.32%"
"02/10/2021","341.39","339.88","344.65","338.61","919.34K","0.21%"
"02/09/2021","340.69","337.27","342.24","334.32","948.10K","0.29%"
"02/08/2021","339.71","335.65","342.30","335.09","1.04M","1.69%"
"02/05/2021","334.08","340.20","340.20","332.91","1.23M","-1.33%"
"02/04/2021","338.59","335.99","340.00","334.53","1.14M","1.87%"
"02/03/2021","332.39","345.00","345.00","331.75","1.37M","-3.35%"
"02/02/2021","343.92","337.00","344.25","336.14","1.15M","3.13%"
"02/01/2021","333.47","329.82","334.00","324.74","1.41M","1.46%"
"01/29/2021","328.68","327.85","330.81","322.01","1.26M","-0.47%"
"01/28/2021","330.24","332.19","336.42","329.51","1.67M","0.22%"
"01/27/2021","329.51","325.00","331.28","314.00","2.10M","-0.32%"
"01/26/2021","330.56","340.01","340.01","328.77","1.96M","-2.77%"
"01/25/2021","339.99","347.25","350.00","335.06","1.78M","-1.84%"
"01/22/2021","346.37","349.15","350.17","344.42","651.84K","-0.82%"
"01/21/2021","349.22","356.76","358.05","348.80","842.08K","-1.66%"
"01/20/2021","355.12","344.91","357.13","343.81","1.31M","3.76%"
"01/19/2021","342.25","344.90","348.00","340.16","1.20M","-0.65%"
"01/15/2021","344.50","347.00","347.20","337.43","1.40M","-0.93%"
"01/14/2021","347.73","352.25","357.03","347.63","1.05M","-1.25%"
"01/13/2021","352.14","358.00","358.50","351.00","1.11M","-1.34%"
"01/12/2021","356.93","361.88","361.88","351.25","1.63M","-1.31%"
"01/11/2021","361.66","354.12","373.00","352.49","1.76M","-1.04%"
"01/08/2021","365.46","367.36","370.54","362.59","994.94K","-0.50%"
"01/07/2021","367.29","366.87","374.15","365.77","1.10M","1.11%"
"01/06/2021","363.25","363.05","367.60","357.92","1.17M","-0.89%"
"01/05/2021","366.50","358.00","369.20","357.59","2.12M","2.83%"
"01/04/2021","356.40","350.85","356.70","346.49","2.02M","2.40%"