Booking_ID,booking_status
INN04969,0.00166934
INN34541,0.157464728
INN36109,0.194941267
INN01554,0.861572027
INN24975,0.224650264
INN27080,0.327972144
INN29146,0.394430369
INN05926,0.464939833
INN17356,0.421221823
INN25284,0.431314141
INN28043,0.042186875
INN00264,0.948354721
INN36020,0.059859768
INN05558,0.276407391
INN07365,0.425866425
INN35759,0.348022223
INN24606,0.345948964
INN14613,0.050613768
INN00927,0.843517542
INN03156,0.002333522
INN18684,0.23299095
INN24976,0.062847726
INN02773,0.053562466
INN09126,0.401458472
INN23806,0.210521817
INN05911,0.371503323
INN10744,0.206546962
INN18155,0.00220971
INN01732,0.166865915
INN28020,0.006799566
INN11177,0.00325257
INN24767,0.066820532
INN24168,0.342245311
INN17657,0.127145022
INN19937,0.261948138
INN10005,0.111877464
INN19470,0.076154031
INN03227,0.657564402
INN20723,0.471183509
INN32020,0.004078349
INN04254,0.199943393
INN06188,0.198665261
INN19814,0.2632626
INN26451,0.347759575
INN07030,0.007078737
INN34873,0.60337925
INN27817,0.295282066
INN32177,0.532862484
INN05866,0.494089961
INN12355,0.174449429
INN27652,0.027217165
INN27153,0.139879584
INN35279,0.74233526
INN16005,0.457877159
INN12990,0.274203777
INN24073,0.008826744
INN33637,0.181364626
INN13485,0.376207292
INN16436,0.330648929
INN34987,0.624406993
INN14263,0.066025577
INN35353,0.133231044
INN00269,0.054605223
INN32425,0.223742321
INN27275,0.249020904
INN35034,0.422590524
INN34452,0.162251756
INN35113,0.026074706
INN34588,0.194502279
INN07616,0.304075181
INN26088,0.328603715
INN09286,0.698243678
INN32284,0.10318467
INN13788,0.076428182
INN03704,0.392782956
INN21855,0.048717514
INN16700,0.970314801
INN30579,0.043781132
INN07578,0.441104978
INN05758,0.047565673
INN31672,0.099979252
INN00084,0.763335049
INN15712,0.708194017
INN21926,0.261479229
INN22391,0.310468853
INN34753,0.091396101
INN10927,0.037190326
INN07802,0.098822348
INN06082,0.910679817
INN05187,0.114936925
INN10952,0.527875721
INN16320,0.294805378
INN18055,0.450620443
INN02266,0.197567537
INN33046,0.102603145
INN33753,0.516992927
INN35475,0.701305568
INN14908,0.892621398
INN35795,0.060081638
INN35668,0.450406462
INN19700,0.83296746
INN35228,0.38546899
INN12325,0.024230599
INN13499,0.019381439
INN22534,0.787161171
INN31212,0.138938054
INN33520,0.220209777
INN15795,0.079210915
INN12712,0.707694471
INN07104,0.640246511
INN27400,0.426328212
INN31525,0.599611521
INN18168,0.039297312
INN23731,0.728008926
INN13833,0.869598031
INN28228,0.131935418
INN24517,0.226981506
INN15483,0.531143069
INN20700,0.668156326
INN02650,0.790811837
INN13261,0.06878987
INN30788,0.204810888
INN15499,0.12925519
INN02562,0.377123743
INN29761,0.198325112
INN35910,0.154218242
INN15337,0.611442387
INN00071,0.754234493
INN10545,0.080865003
INN16346,0.007263263
INN08566,0.719428837
INN12010,0.302871436
INN24714,0.030391216
INN04916,0.894929826
INN30066,0.990979195
INN29665,0.168934047
INN31774,0.34266308
INN13827,0.012177397
INN00466,0.77644217
INN16884,0.834811807
INN06217,0.02205109
INN18504,0.294890851
INN05180,0.416001707
INN08039,0.238902986
INN00313,0.001240349
INN04700,0.043731205
INN16731,0.165533423
INN06066,0.16348508
INN05573,0.851483524
INN11238,0.752901614
INN14218,0.175399259
INN26488,0.651791573
INN26079,0.048238743
INN35612,0.313625216
INN31168,0.769652426
INN13144,0.024663514
INN02792,0.193756402
INN34087,0.270158112
INN29578,0.712392211
INN23190,0.157777563
INN01158,0.001595582
INN02555,0.372856975
INN21625,0.427558422
INN28268,0.105293229
INN21241,0.338516176
INN19859,0.012012844
INN01683,0.379238814
INN09949,0.430921435
INN09808,0.925953567
INN29709,0.768247604
INN03894,0.197174937
INN05839,0.980856001
INN03029,0.068242326
INN18224,0.35716328
INN03980,0.702577174
INN13731,0.521191418
INN22867,0.746970296
INN20326,0.084631361
INN02970,0.207892314
INN11661,0.0020979
INN26818,0.688827634
INN26174,0.029183676
INN14495,0.007116275
INN35656,0.342753768
INN29208,0.785219789
INN06268,0.467750102
INN10870,0.183252886
INN15640,0.043416537
INN34774,0.001424173
INN17039,0.081775472
INN24361,0.312863648
INN11077,0.214702681
INN30989,0.612676382
INN16314,0.230483338
INN16829,0.594434977
INN28490,0.079764947
INN08181,0.367397189
INN12627,0.171282485
INN10390,0.233604431
INN07340,0.680100322
INN23221,0.028687274
INN24006,0.092388265
INN06869,0.424702138
INN29356,0.147497669
INN23147,0.112260737
INN14364,0.048481461
INN31585,0.595741868
INN20551,0.440647721
INN13609,0.085877649
INN00274,0.05602831
INN33001,0.414624274
INN09998,0.264574349
INN10313,0.37689954
INN29439,0.814675212
INN00472,0.064413458
INN21407,0.230673701
INN08669,0.328752995
INN29849,0.027541883
INN29382,0.005236581
INN34473,0.272104472
INN26219,0.670733213
INN05708,0.554700971
INN13039,0.036665708
INN09593,0.005972288
INN32723,0.055176187
INN25064,0.077751227
INN25451,0.925413013
INN16358,0.15092136
INN31235,0.008319522
INN30234,0.056714829
INN08364,0.414596796
INN25291,0.008590951
INN14285,0.203749061
INN33508,0.458708823
INN31027,0.35531491
INN22513,0.00736615
INN01427,0.264330924
INN25173,0.150559589
INN07410,0.22941868
INN08944,0.188675895
INN07450,0.000678455
INN23336,0.819686353
INN00429,0.255159438
INN09737,0.008040403
INN12081,0.006907252
INN27086,0.315563202
INN01913,0.881159425
INN05219,0.296289712
INN00726,0.051077802
INN20387,0.114174984
INN08691,0.497584552
INN28625,0.162564382
INN33466,0.813695252
INN04309,0.824276328
INN28105,0.440939158
INN25383,0.007970896
INN26142,0.570817709
INN32384,0.376715183
INN18556,0.343323648
INN02901,0.862557054
INN02030,0.305627137
INN29069,0.989717603
INN34358,0.204639167
INN22532,0.331211001
INN01428,0.423010677
INN23630,0.140108332
INN28975,0.671401978
INN15484,0.571993768
INN17992,0.314574093
INN27024,0.039331924
INN17475,0.025830979
INN06283,0.625748038
INN28067,0.280987561
INN09999,0.643130958
INN10649,0.975094438
INN28239,0.459304065
INN21378,0.24265857
INN25490,0.183400154
INN21472,0.371473253
INN30471,0.51224184
INN33507,0.442232817
INN26297,0.064173408
INN03057,0.161243528
INN26999,0.632294178
INN31615,0.422476202
INN12250,0.401266277
INN18579,0.248534858
INN25639,0.777885079
INN33957,0.316680461
INN03841,0.022462565
INN21145,0.386752665
INN11569,0.321822703
INN21762,0.424050421
INN18427,0.242321163
INN04141,0.900635481
INN01762,0.595825493
INN00097,0.737401903
INN24870,0.123234063
INN34008,0.02596274
INN33511,0.001628595
INN30618,0.088003412
INN34749,0.005790389
INN33193,0.005717926
INN25873,0.409000963
INN26663,0.328936934
INN21579,0.036651403
INN31014,0.099951297
INN02944,0.007009043
INN06915,0.580468535
INN11989,0.180852398
INN19058,0.048957612
INN05987,0.873132944
INN35018,0.403081954
INN35079,0.205080777
INN13596,0.534350872
INN33039,0.002777571
INN19855,0.020612448
INN22127,0.675799787
INN26548,0.028521551
INN16027,0.151299998
INN20533,0.868599772
INN07050,0.340978146
INN22715,0.885701776
INN26494,0.429416537
INN18435,0.110109374
INN13643,0.840025485
INN23491,0.70893544
INN15926,0.380690277
INN35698,0.574751675
INN21014,0.384655118
INN02983,0.376458764
INN13721,0.271097213
INN01454,0.294640124
INN24636,0.001781954
INN06966,0.000875421
INN35306,0.251360923
INN20882,0.067732081
INN07987,0.601827681
INN00145,0.150104567
INN18380,0.186714113
INN34025,0.041277319
INN21248,0.724715471
INN26468,0.167210475
INN08547,0.974286437
INN17682,0.383169711
INN08929,0.171795487
INN23874,0.0067304
INN21076,0.736913741
INN29400,0.46615535
INN00960,0.319269001
INN08249,0.330573499
INN24581,0.268430203
INN25235,0.14045307
INN35757,0.842958748
INN35577,0.066929363
INN02993,0.147877485
INN27420,0.645093083
INN14978,0.381611615
INN22762,0.019457612
INN09572,0.87360096
INN22462,0.112802774
INN02533,0.262017667
INN25943,0.289492309
INN12789,0.410318851
INN06316,0.001237156
INN28108,0.346728206
INN04306,0.00160234
INN36237,0.103417948
INN27675,0.148484349
INN00076,0.277139127
INN22139,0.783389509
INN04741,0.589724183
INN35923,0.391623765
INN01662,0.301018238
INN31249,0.578841925
INN23946,0.005712349
INN18405,0.174560994
INN13453,0.172069564
INN21212,0.569210529
INN30649,0.639718413
INN05116,0.251167566
INN26874,0.214840919
INN28050,0.011454717
INN27594,0.305102944
INN23752,0.250596762
INN20918,0.164546981
INN28613,0.366497785
INN35510,0.282748878
INN02112,0.786813676
INN01537,0.285812616
INN02358,0.202165976
INN14016,0.8064183
INN05227,0.341028184
INN09086,0.002024417
INN34978,0.82535094
INN08853,0.294997513
INN35860,0.012896448
INN02497,0.735299468
INN29432,0.669133365
INN05628,0.305663347
INN34779,0.409911662
INN12561,0.896699905
INN10497,0.001094288
INN08493,0.378439158
INN20388,0.189895749
INN28654,0.166167274
INN01708,0.00922618
INN35672,0.941723347
INN15833,0.137751728
INN33082,0.357421368
INN36063,0.433346987
INN20785,0.417663336
INN12054,0.129163072
INN26012,0.260361314
INN01497,0.208992675
INN14434,0.556002438
INN25310,0.655380189
INN31899,0.171265811
INN26696,0.646224797
INN22146,0.003175077
INN12580,0.247077748
INN22939,0.150154039
INN23537,0.087250382
INN16430,0.303073913
INN27703,0.697004974
INN09734,0.018593071
INN08441,0.926809549
INN24127,0.387053013
INN29469,0.893077016
INN02800,0.013283091
INN12234,0.411672443
INN28359,0.066978127
INN25866,0.426479846
INN16049,0.134548798
INN16502,0.061398666
INN22007,0.073307961
INN03663,0.01657952
INN10672,0.23313503
INN13105,0.472631782
INN03706,0.841157734
INN31228,0.891552985
INN16543,0.011780085
INN18124,0.069142371
INN30539,0.187211826
INN18195,0.285000175
INN18487,0.316586524
INN25081,0.747910142
INN00844,0.671398878
INN07666,0.210204974
INN18984,0.741816878
INN32087,0.917702436
INN23680,0.027491489
INN10647,0.305489898
INN35165,0.260832518
INN22401,0.098875351
INN15485,0.187945709
INN18567,0.742570996
INN33031,0.115411624
INN35516,0.195204914
INN31543,0.002158217
INN21090,0.110059552
INN24791,0.399943918
INN09285,0.391890734
INN33248,0.098133855
INN14116,0.310979724
INN24441,0.131705493
INN11766,0.419948518
INN35823,0.203749061
INN16042,0.614733338
INN32338,0.72243154
INN20496,0.041091058
INN34280,0.421335161
INN24242,0.165093884
INN04946,0.061628208
INN34486,0.247029379
INN21056,0.323935568
INN17985,0.852708936
INN01289,0.014133067
INN14496,0.054669317
INN04742,0.282511234
INN27547,0.083923057
INN22134,0.787174284
INN28198,0.313650697
INN20893,0.383747965
INN24869,0.245113969
INN27807,0.023332778
INN25027,0.048293259
INN13227,0.146424949
INN17129,0.724314511
INN33590,0.003198899
INN32244,0.297292382
INN11655,0.217817754
INN13824,0.182490185
INN15759,0.91884917
INN13131,0.078651004
INN06563,0.351230234
INN05374,0.237185344
INN12182,0.629323244
INN17838,0.16497606
INN34336,0.442279816
INN34780,0.432811201
INN23598,0.305821806
INN18181,0.576810777
INN12587,0.399904877
INN18886,0.388002872
INN00062,0.386427343
INN35615,0.203561634
INN21809,0.821974218
INN08224,0.562019706
INN09528,0.06957785
INN20474,0.052672282
INN28172,0.822783709
INN34703,0.83748579
INN24872,0.895210445
INN09939,0.38696757
INN13910,0.212714955
INN14857,0.578717232
INN06934,0.495536596
INN33502,0.098336503
INN00880,0.025652912
INN11263,0.308082402
INN21909,0.430374712
INN20959,0.916435182
INN31851,0.90935266
INN13723,0.104273461
INN00843,0.017267164
INN21987,0.040913321
INN21717,0.275434881
INN07577,0.130913481
INN15268,0.134828821
INN23080,0.193956465
INN20500,0.469277382
INN15396,0.332567155
INN16318,0.411389798
INN14160,0.904129922
INN22538,0.675026894
INN35673,0.307063371
INN29672,0.074344844
INN33224,0.294662416
INN20269,0.025273483
INN06189,0.212349012
INN05087,0.579976141
INN19899,0.375503093
INN03917,0.179053649
INN20497,0.452101409
INN21332,0.318998903
INN07496,0.073477872
INN00912,0.003305858
INN16676,0.678259969
INN11000,0.724728048
INN13316,0.212588295
INN23539,0.731547594
INN35760,0.017312551
INN35115,0.321306109
INN26569,0.007174296
INN32385,0.067088649
INN20213,0.291554213
INN31726,0.474155307
INN26567,0.508796275
INN20353,0.312314391
INN22808,0.75582242
INN02056,0.060896542
INN01671,0.000954096
INN01046,0.015106716
INN20265,0.163872123
INN17434,0.047185261
INN02343,0.659490407
INN29826,0.456544638
INN04450,0.027702425
INN01711,0.038147647
INN20713,0.008966749
INN01435,0.673895359
INN17093,0.137024119
INN19233,0.100029483
INN12794,0.494352728
INN24471,0.033127986
INN17551,0.638041675
INN22802,0.676049411
INN15469,0.153045982
INN13368,0.853546858
INN12224,0.018090613
INN36060,0.057824247
INN22145,0.305235326
INN20577,0.232019722
INN27018,0.206535324
INN32694,0.183282465
INN09578,0.272585928
INN33547,0.18604371
INN35524,0.723062336
INN25805,0.805764973
INN23211,0.203464955
INN20483,0.416832209
INN34924,0.291578174
INN13099,0.284679443
INN04642,0.157627285
INN30780,0.130199492
INN01333,0.339280963
INN16598,0.755142927
INN26576,0.173158482
INN05690,0.725613713
INN35745,0.382763207
INN11538,0.051680919
INN02542,0.326866508
INN07347,0.779910028
INN30283,0.069312677
INN26743,0.050009027
INN24253,0.87959975
INN03549,0.101040229
INN33709,0.428224593
INN03001,0.554983854
INN05153,0.316210806
INN32804,0.013104944
INN26046,0.197740972
INN09930,0.036726773
INN34498,0.414337516
INN13534,0.759429395
INN32788,0.09225291
INN10275,0.013977158
INN01589,0.813604176
INN13431,0.018315507
INN14682,0.003129623
INN30024,0.206977382
INN28220,0.037401449
INN03569,0.400802046
INN34317,0.01467751
INN36136,0.412302524
INN31449,0.741363764
INN26572,0.694616556
INN14979,0.020682339
INN16038,0.24318333
INN09724,0.277997017
INN14632,0.352138013
INN32902,0.093742356
INN33944,0.219017491
INN16473,0.092387281
INN12894,0.157668427
INN07871,0.779509008
INN26370,0.041092448
INN15429,0.683417797
INN29695,0.229077816
INN07730,0.433904588
INN20967,0.590534449
INN12167,0.509333372
INN14935,0.044849966
INN28393,0.4478167
INN32532,0.34525761
INN27721,0.197559133
INN01044,0.055272568
INN02214,0.508626997
INN14559,0.409429997
INN15861,0.221871629
INN13469,0.077492848
INN30703,0.373146296
INN14871,0.004283471
INN18238,0.862014055
INN02831,0.038075946
INN00005,0.437888712
INN27320,0.39010483
INN11686,0.009496306
INN11477,0.767221272
INN32675,0.122718923
INN12903,0.626063704
INN25043,0.860069454
INN12285,0.223084942
INN19037,0.187601075
INN03387,0.112154685
INN24586,0.594551861
INN00648,0.431749761
INN12755,0.861199021
INN06225,0.763877928
INN13565,0.533373535
INN10995,0.757784367
INN27411,0.182459131
INN06149,0.912376821
INN26862,0.158185303
INN32602,0.00275949
INN25687,0.308167815
INN03106,0.001818518
INN07271,0.41788882
INN03821,0.080916017
INN19091,0.331368774
INN21536,0.160303161
INN28612,0.412430942
INN26157,0.379624218
INN33086,0.65977025
INN26261,0.152106047
INN20034,0.312658519
INN09303,0.176478684
INN20572,0.028450344
INN29844,0.054582369
INN22132,0.661441863
INN30805,0.351153165
INN21744,0.875967741
INN25598,0.205775097
INN32885,0.611278415
INN17302,0.099226743
INN31635,0.291650236
INN17665,0.83455199
INN32095,0.310455829
INN14056,0.562107146
INN31957,0.63367486
INN28070,0.053591155
INN12833,0.323778629
INN28104,0.19625923
INN22110,0.07214921
INN35077,0.260436356
INN21817,0.323472321
INN23139,0.018105943
INN30986,0.743802547
INN34508,0.134159967
INN03579,0.027755288
INN22637,0.425872147
INN33947,0.087825
INN10147,0.597826481
INN28106,0.188067943
INN29373,0.037267324
INN14919,0.514977634
INN09779,0.007657634
INN19411,0.197734058
INN10802,0.003011542
INN15189,0.507549286
INN09431,0.078393944
INN14783,0.011654708
INN02297,0.990540624
INN15057,0.027990295
INN17582,0.009342491
INN26551,0.783572912
INN01189,0.103081807
INN20730,0.167164192
INN34027,0.390735358
INN02465,0.635633588
INN13760,0.930214643
INN27410,0.684194684
INN19084,0.088883989
INN17606,0.081152812
INN06848,0.113869831
INN07823,0.657655418
INN29308,0.00866485
INN24674,0.022741716
INN11571,0.213180974
INN10124,0.344615012
INN04266,0.318300694
INN16580,0.716044009
INN35583,0.032930356
INN21209,0.591678083
INN25774,0.224424616
INN18026,0.002784593
INN22905,0.873645604
INN03161,0.008632005
INN36021,0.066910461
INN00609,0.03041945
INN07535,0.392112553
INN00929,0.926980317
INN11001,0.102014922
INN02278,0.058610536
INN01347,0.764346778
INN07647,0.771853983
INN06861,0.188476369
INN21031,0.844882548
INN12783,0.003490468
INN18964,0.002451409
INN20154,0.240011796
INN21860,0.313446283
INN14823,0.165783092
INN21659,0.128433064
INN11041,0.369803905
INN33890,0.263783753
INN05343,0.021964377
INN04422,0.103665188
INN10469,0.372072369
INN10091,0.470653087
INN11675,0.35351491
INN27159,0.164865404
INN28149,0.018043503
INN04856,0.242891788
INN19721,0.002847826
INN27345,0.223428383
INN07328,0.098471083
INN06165,0.156127155
INN32975,0.193767384
INN13868,0.00084332
INN06495,0.045775793
INN25591,0.150164038
INN03105,0.128538147
INN27764,0.164861634
INN33087,0.020199914
INN18680,0.796922505
INN22037,0.707656085
INN03350,0.866928756
INN01484,0.283527106
INN31062,0.990336657
INN03793,0.039241355
INN05741,0.248617947
INN07760,0.285172611
INN12597,0.621243298
INN14626,0.001761412
INN05534,0.966047287
INN31295,0.188378587
INN15666,0.120711625
INN01399,0.377724648
INN19121,0.368620694
INN08575,0.421231508
INN13888,0.220872119
INN16029,0.084090859
INN03915,0.05072869
INN01759,0.69677335
INN11190,0.257956326
INN30930,0.181459129
INN10633,0.095398232
INN11830,0.070177592
INN31859,0.007600429
INN08726,0.01354084
INN08356,0.742231905
INN15269,0.156701639
INN32713,0.590208292
INN21514,0.191981912
INN08286,0.290356606
INN01794,0.566678584
INN29226,0.350342095
INN06232,0.250759393
INN12910,0.433454603
INN03212,0.011516614
INN33806,0.238321796
INN04731,0.233489111
INN16249,0.084303193
INN21735,0.39986974
INN10889,0.06435585
INN15160,0.552544773
INN26360,0.286871433
INN28342,0.574711561
INN30011,0.012905552
INN08921,0.678131223
INN26772,0.704620957
INN07725,0.00633082
INN01417,0.042503774
INN34306,0.366378188
INN07095,0.284296691
INN33289,0.024789289
INN33717,0.290804297
INN09173,0.374715775
INN05461,0.517194808
INN13846,0.07653375
INN03634,0.058612611
INN18737,0.894769788
INN17282,0.73729068
INN23708,0.534568548
INN22796,0.061984189
INN28599,0.729899585
INN19033,0.132838875
INN33974,0.838728547
INN19392,0.569607377
INN25166,0.714001
INN36149,0.039810304
INN27332,0.255851567
INN04161,0.035363171
INN18666,0.834884882
INN11794,0.239149094
INN30938,0.56843996
INN29569,0.749651194
INN01254,0.352987766
INN00312,0.072948776
INN27364,0.101951346
INN11779,0.789453983
INN31181,0.897700012
INN06435,0.041051798
INN24897,0.092260338
INN25382,0.146945134
INN32333,0.276908875
INN12540,0.674009621
INN13784,0.424452096
INN34042,0.709342659
INN14472,0.407599032
INN08980,0.550976276
INN07595,0.537802875
INN31229,0.581870258
INN30194,0.644339323
INN17572,0.560834408
INN22518,0.296519816
INN13915,0.009266424
INN27096,0.472679377
INN07500,0.369361341
INN21463,0.339046657
INN18862,0.288722247
INN06044,0.241184101
INN04153,0.422578007
INN14565,0.039526895
INN12084,0.048571013
INN06253,0.737573564
INN06525,0.901954114
INN20078,0.349277347
INN15413,0.623276353
INN26751,0.305722594
INN26664,0.378861606
INN29697,0.05751504
INN27787,0.341632575
INN35537,0.481640697
INN20271,0.062969923
INN15212,0.492999524
INN17708,0.651413977
INN17092,0.450764686
INN30049,0.467162818
INN23687,0.663273871
INN25208,0.884507596
INN11083,0.727673829
INN23578,0.594612002
INN21648,0.697990656
INN15354,0.1947418
INN20302,0.03180949
INN14687,0.272183329
INN01772,0.31418404
INN18645,0.348249227
INN16471,0.603047788
INN22503,0.365037531
INN06897,0.125121683
INN01488,0.427162975
INN00968,0.427709967
INN21604,0.003313704
INN09565,0.286224514
INN11809,0.040953539
INN12851,0.527052462
INN11752,0.386458367
INN22811,0.209604114
INN11828,0.193344429
INN25434,0.016202295
INN01830,0.536046863
INN32493,0.228591979
INN21528,0.927371562
INN27401,0.288107544
INN16663,0.437449187
INN31078,0.007165174
INN15794,0.197924003
INN09041,0.065979466
INN00014,0.067628682
INN00994,0.737031639
INN33300,0.304831177
INN23086,0.404482663
INN01053,0.182623208
INN25665,0.496764809
INN22213,0.009238218
INN04772,0.68266511
INN01292,0.424142241
INN01787,0.000945391
INN28443,0.035320025
INN20527,0.354620397
INN12201,0.00608653
INN11734,0.768644094
INN15896,0.356441885
INN06046,0.446436703
INN31727,0.28342995
INN10280,0.469438761
INN30182,0.055316456
INN07581,0.10796278
INN08526,0.392877311
INN17076,0.792855382
INN26619,0.402820647
INN33459,0.01370078
INN00711,0.835889876
INN10573,0.506072044
INN06530,0.72875154
INN24522,0.023844592
INN33391,0.959694147
INN30899,0.237067267
INN04904,0.551079154
INN11975,0.015511832
INN13244,0.310435951
INN15835,0.022695217
INN06536,0.305956751
INN28936,0.003612486
INN27895,0.247178629
INN13925,0.984458148
INN10414,0.550630391
INN08241,0.757818282
INN22131,0.494118959
INN08257,0.069831826
INN08179,0.132909283
INN30079,0.010473232
INN19609,0.396367967
INN04204,0.069053531
INN06182,0.089963011
INN05158,0.71419251
INN18868,0.318261653
INN32129,0.002286217
INN24929,0.834189177
INN20278,0.023829687
INN02309,0.195396855
INN27958,0.196699798
INN18482,0.234523132
INN09705,0.28647539
INN35408,0.001495342
INN25211,0.354404092
INN08867,0.251802146
INN07092,0.462473035
INN03129,0.794615209
INN23103,0.996988356
INN34453,0.189185873
INN17996,0.189752668
INN19550,0.459076434
INN32198,0.046882678
INN23331,0.061321482
INN11964,0.485563815
INN32429,0.109980203
INN06613,0.05657582
INN29369,0.869359136
INN33177,0.458196342
INN21451,0.023099624
INN24232,0.696551323
INN29257,0.591867864
INN33125,0.00153906
INN30008,0.343359381
INN01577,0.634809434
INN14804,0.086322084
INN19894,0.325017184
INN25826,0.057731234
INN20993,0.471620917
INN26481,0.000748069
INN06205,0.007594559
INN24839,0.117817685
INN19265,0.392611712
INN25357,0.189998344
INN32059,0.428608268
INN24449,0.58873868
INN06754,0.512099266
INN12661,0.633545995
INN30339,0.109208502
INN34182,0.132361293
INN28913,0.376700938
INN16675,0.100673459
INN30771,0.853243232
INN22569,0.046818364
INN17910,0.946906626
INN28805,0.036779113
INN19610,0.938219666
INN21380,0.054412812
INN07396,0.671559036
INN22330,0.739328742
INN04919,0.163762376
INN24343,0.409951687
INN09384,0.142591715
INN16384,0.242921889
INN34628,0.269160867
INN29233,0.046411179
INN33456,0.590976775
INN27047,0.06222257
INN29459,0.148932204
INN09050,0.473724961
INN05190,0.388647646
INN27189,0.002032012
INN05326,0.002129183
INN11283,0.249289155
INN15781,0.327662289
INN22683,0.009300104
INN18205,0.003271188
INN20681,0.504180431
INN25047,0.98920536
INN23218,0.396190882
INN31436,0.216718212
INN23857,0.011379972
INN27337,0.148851395
INN22461,0.078940481
INN30544,0.001899477
INN20508,0.376954347
INN32547,0.134184405
INN12369,0.832300842
INN16786,0.169471741
INN28394,0.498131722
INN33558,0.355497211
INN17441,0.264258981
INN15467,0.277269453
INN21487,0.477059782
INN00201,0.31827122
INN05125,0.704060555
INN30297,0.288265556
INN35669,0.286024451
INN19689,0.24907811
INN17522,0.110580355
INN36190,0.758995593
INN00397,0.216991618
INN29780,0.744497478
INN13174,0.003964267
INN22510,0.809500217
INN13530,0.015317276
INN29445,0.758239448
INN25576,0.067808315
INN20569,0.137124822
INN18506,0.608842373
INN13303,0.363179028
INN07801,0.017129632
INN13313,0.493623137
INN28086,0.482206553
INN35033,0.001550474
INN13794,0.002654815
INN04640,0.241701499
INN09038,0.01112196
INN02446,0.795356631
INN09799,0.345159501
INN02744,0.320000857
INN34846,0.389785171
INN20175,0.150455609
INN30620,0.115050577
INN13706,0.223402724
INN00370,0.987637281
INN19826,0.032789242
INN31429,0.035591807
INN14281,0.88274616
INN15321,0.267163336
INN20356,0.077123314
INN11223,0.409802914
INN28350,0.792146027
INN36076,0.016264204
INN10748,0.075949572
INN19671,0.888060808
INN04293,0.040566683
INN36045,0.388525456
INN18866,0.023363397
INN18419,0.495928586
INN33617,0.124239743
INN14805,0.123932056
INN33916,0.083031096
INN29752,0.612453938
INN01576,0.008825542
INN31272,0.363995612
INN15986,0.100638174
INN22353,0.003414294
INN20745,0.640509367
INN10960,0.170113698
INN25148,0.026169645
INN00897,0.001093994
INN18235,0.404877484
INN12366,0.485956132
INN23551,0.05888189
INN35039,0.277574658
INN22231,0.109054737
INN13798,0.820154071
INN00698,0.088052854
INN13340,0.013947275
INN11181,0.075091481
INN31128,0.797174394
INN32795,0.38306582
INN25780,0.270399839
INN19228,0.607693851
INN26489,0.314344287
INN03101,0.347495496
INN29307,0.257582784
INN31317,0.160391688
INN32501,0.407574058
INN01349,0.649120271
INN30360,0.756983638
INN31053,0.284298778
INN19833,0.41284579
INN11715,0.000695554
INN31307,0.156146809
INN34080,0.320040613
INN25076,0.690584064
INN27754,0.229362562
INN28222,0.54234612
INN05771,0.160081819
INN12086,0.262302786
INN11855,0.031243997
INN18153,0.344441354
INN22559,0.357096553
INN03733,0.536019146
INN29881,0.655142784
INN36151,0.65689832
INN30887,0.439779788
INN35274,0.201017573
INN30693,0.21864821
INN19647,0.367409796
INN29723,0.800685525
INN25329,0.973677874
INN34566,0.506582558
INN31178,0.014852091
INN08569,0.218028128
INN03699,0.207961127
INN02593,0.197630227
INN28954,0.251119822
INN35980,0.032148454
INN26914,0.378276527
INN06096,0.226845235
INN00481,0.348508209
INN28207,0.722560823
INN14447,0.85185051
INN02858,0.207065955
INN13239,0.098443963
INN34502,0.00083639
INN20205,0.001702324
INN08841,0.065928072
INN15273,0.511006713
INN12860,0.500749409
INN30041,0.001529026
INN33654,0.307082951
INN02044,0.626583874
INN28276,0.008570895
INN35826,0.494816184
INN03287,0.196081698
INN03827,0.437487602
INN05027,0.650701165
INN06748,0.01621691
INN07776,0.005317075
INN32164,0.178875774
INN08478,0.352213383
INN08613,0.032182872
INN28548,0.359101623
INN02956,0.048750076
INN29839,0.805981457
INN31989,0.421498388
INN14178,0.535861671
INN17914,0.158248231
INN32650,0.236622751
INN07110,0.864563644
INN06269,0.06066522
INN06866,0.041755162
INN16182,0.02107483
INN14911,0.135517836
INN03804,0.61255753
INN26544,0.028517719
INN07242,0.407304019
INN01808,0.797288895
INN13625,0.866948903
INN31355,0.496911287
INN02208,0.786893904
INN16046,0.013695003
INN09898,0.088703856
INN06907,0.834318936
INN06664,0.527603447
INN01279,0.12398003
INN17056,0.823884487
INN05293,0.288275898
INN27348,0.244396359
INN09745,0.597898841
INN01877,0.750916004
INN06880,0.580509722
INN17939,0.938320637
INN16097,0.17277208
INN11473,0.363289535
INN25909,0.814989507
INN08038,0.001851729
INN10824,0.009965654
INN11770,0.081675537
INN03064,0.029833553
INN11036,0.766623259
INN22993,0.62747246
INN35598,0.559304714
INN33101,0.809720516
INN23160,0.740975678
INN26122,0.931137681
INN26209,0.461084694
INN36260,0.021041619
INN31561,0.238575384
INN06419,0.279865086
INN01271,0.186277986
INN34294,0.239347801
INN26646,0.856483698
INN01091,0.409310132
INN15903,0.038422257
INN18471,0.138172388
INN14119,0.299151808
INN01865,0.282690585
INN27934,0.623914421
INN05750,0.004859453
INN19115,0.391417086
INN05733,0.906037867
INN24293,0.795826614
INN09117,0.511437237
INN36212,0.040170699
INN19608,0.034854818
INN06015,0.051362269
INN17437,0.923303246
INN03068,0.006755431
INN14219,0.791060209
INN30069,0.280022532
INN00087,0.318368554
INN18876,0.789112389
INN18998,0.703503191
INN05611,0.664766967
INN03726,0.289911091
INN28970,0.06505654
INN05706,0.387854755
INN07546,0.805000305
INN29366,0.69551003
INN35250,0.156928942
INN22606,0.510742903
INN02880,0.198225871
INN03452,0.134184405
INN08815,0.971223176
INN04220,0.099298872
INN13149,0.037878729
INN25804,0.048074193
INN07213,0.100923955
INN31443,0.159770489
INN00280,0.256078035
INN25871,0.681494415
INN22812,0.085351236
INN07306,0.521802962
INN30960,0.370432377
INN21965,0.40188992
INN03357,0.152149871
INN29731,0.198305339
INN04449,0.072846778
INN08022,0.434500486
INN30254,0.653372109
INN06207,0.385618865
INN01733,0.018457863
INN35954,0.359781295
INN34967,0.005234738
INN02981,0.267091393
INN27793,0.010002841
INN21486,0.793221593
INN24888,0.668910682
INN15482,0.221228629
INN02305,0.868704081
INN20805,0.312058538
INN22183,0.021909038
INN25101,0.416539669
INN32028,0.310652703
INN35222,0.786759555
INN12670,0.068007834
INN16939,0.040032107
INN16187,0.339818358
INN03220,0.655708849
INN16918,0.099092729
INN00619,0.160513714
INN26665,0.072728157
INN32778,0.199553072
INN21441,0.047508866
INN03654,0.652675211
INN09862,0.488676667
INN20968,0.425491452
INN07758,0.286174238
INN08275,0.119041704
INN34899,0.330533057
INN00252,0.016938154
INN03194,0.039174128
INN25634,0.050667446
INN12378,0.664767683
INN03777,0.117725983
INN35293,0.720377088
INN11509,0.002185508
INN15686,0.002619381
INN18460,0.004291147
INN04083,0.15083614
INN12189,0.36580801
INN04470,0.079736374
INN02953,0.426108807
INN26233,0.385549963
INN28565,0.133217528
INN34192,0.184925362
INN03781,0.583751619
INN09193,0.222406089
INN29001,0.165590957
INN21983,0.039126504
INN22129,0.078732394
INN23319,0.737675071
INN23497,0.435449511
INN01228,0.014130143
INN32590,0.206872836
INN06627,0.829399109
INN18465,0.361813277
INN35129,0.219415516
INN31825,0.607874274
INN00735,0.138555855
INN06420,0.267805189
INN16090,0.444452345
INN09332,0.000996906
INN04572,0.021150135
INN16275,0.180868387
INN21229,0.003469231
INN08591,0.038567405
INN10595,0.373816758
INN35670,0.5285151
INN23451,0.769710183
INN03620,0.414611042
INN36055,0.192997932
INN19280,0.478069812
INN03054,0.174723104
INN23209,0.451969057
INN23766,0.192004189
INN32992,0.504717052
INN35468,0.517993748
INN00832,0.729530394
INN15193,0.940238416
INN35401,0.777791679
INN29297,0.110547505
INN16368,0.137167603
INN26324,0.004709369
INN28323,0.406415433
INN10360,0.074426599
INN14077,0.290233254
INN11496,0.204627186
INN36177,0.289701581
INN23694,0.920820236
INN09153,0.093009457
INN21356,0.408478588
INN06395,0.29032445
INN05012,0.53895098
INN28990,0.346845388
INN12904,0.030894136
INN31486,0.703603089
INN26345,0.155522004
INN20550,0.748770356
INN02868,0.399206966
INN33741,0.8263129
INN06947,0.004533389
INN23620,0.399650723
INN22460,0.682487607
INN12601,0.974428535
INN08238,0.217884839
INN35839,0.787734449
INN28392,0.003953948
INN19730,0.304286629
INN01183,0.126019433
INN27699,0.884888291
INN20538,0.69326508
INN00218,0.170783281
INN30316,0.280694664
INN18017,0.380519688
INN02035,0.993037403
INN06736,0.37127012
INN11294,0.012466379
INN28660,0.295542449
INN25900,0.122539513
INN02238,0.79098618
INN15287,0.056552891
INN25654,0.0489049
INN30602,0.724348307
INN11646,0.055513062
INN00944,0.024472522
INN22063,0.496077806
INN03426,0.470385671
INN30800,0.134755865
INN28202,0.424394548
INN33606,0.118316732
INN17637,0.617712557
INN29879,0.131256953
INN25263,0.243906215
INN19843,0.370757163
INN28963,0.383972526
INN32869,0.315463454
INN08148,0.359591305
INN05663,0.020805568
INN24538,0.019986017
INN07561,0.531727731
INN08147,0.429761887
INN27518,0.166237116
INN34572,0.22363174
INN30629,0.497177988
INN27860,0.019724697
INN19380,0.06308189
INN35840,0.770303428
INN14161,0.069809072
INN01797,0.168500572
INN11547,0.462611675
INN01617,0.741425157
INN08518,0.768018186
INN08221,0.069070339
INN25723,0.492429882
INN13333,0.311219662
INN04811,0.536918581
INN22770,0.351495981
INN25656,0.282034904
INN15169,0.056220114
INN08556,0.914412796
INN08505,0.181661084
INN08294,0.303103745
INN22013,0.245192587
INN34888,0.15636608
INN20297,0.387317836
INN12053,0.245422855
INN17984,0.017052805
INN23405,0.166418284
INN14302,0.001539991
INN31286,0.214585826
INN31745,0.385145456
INN33014,0.21528545
INN29558,0.050444275
INN02134,0.252410918
INN19768,0.075813279
INN21503,0.017280342
INN22662,0.228307858
INN13374,0.604171276
INN22056,0.409113377
INN20443,0.695000052
INN11276,0.379667521
INN13951,0.019050805
INN04852,0.008671357
INN29466,0.128913864
INN09352,0.030425079
INN22088,0.440581948
INN01403,0.313820988
INN06294,0.000293415
INN32512,0.117770828
INN18553,0.500962436
INN28265,0.590150595
INN20169,0.854968727
INN29680,0.561606467
INN21297,0.090392753
INN35889,0.260121644
INN33011,0.115882732
INN15538,0.325897098
INN18137,0.003254942
INN34302,0.234464154
INN25575,0.394461572
INN13828,0.036063507
INN17842,0.676599801
INN10994,0.283037543
INN04456,0.16951625
INN33170,0.27822578
INN10727,0.785687506
INN21876,0.151005372
INN31035,0.516305625
INN27280,0.159197509
INN36112,0.157144934
INN10985,0.026488058
INN15135,0.371702671
INN19975,0.193026945
INN01838,0.087260388
INN27338,0.327136099
INN10071,0.370940894
INN20524,0.731642604
INN29843,0.124549158
INN10370,0.05000468
INN06757,0.099089667
INN10425,0.014363577
INN13790,0.004246204
INN22002,0.205458477
INN07887,0.789801478
INN33054,0.349047661
INN23503,0.046555899
INN23102,0.070248067
INN35800,0.272405356
INN18407,0.753844142
INN04914,0.289196819
INN04035,0.765213907
INN09903,0.23965852
INN35145,0.224540263
INN13115,0.913012266
INN34044,0.193846285
INN32678,0.511147976
INN03243,0.560264945
INN29283,0.188978016
INN30124,0.477713108
INN21350,0.112563752
INN35395,0.08347103
INN24495,0.639113605
INN31683,0.68040961
INN03590,0.546415865
INN04986,0.954551935
INN21194,0.112082042
INN03379,0.114209436
INN21636,0.697734594
INN16805,0.462584794
INN30078,0.233999014
INN14898,0.365240335
INN26369,0.181803793
INN04593,0.229971811
INN16852,0.179166973
INN00442,0.324023098
INN03834,0.298396498
INN20398,0.283648074
INN12628,0.138016358
INN04281,0.153938025
INN23548,0.531878829
INN25232,0.363018423
INN05344,0.690616965
INN10300,0.843963802
INN21157,0.60601896
INN23840,0.436920822
INN33102,0.237959519
INN28335,0.010596663
INN02301,0.857547522
INN31863,0.681551576
INN12571,0.413665384
INN06731,0.02026842
INN34378,0.703865707
INN32274,0.333494633
INN09524,0.123733707
INN27728,0.129086733
INN01340,0.063501842
INN07295,0.3370184
INN12485,0.233419493
INN15760,0.038801711
INN35841,0.004832858
INN19904,0.015867379
INN27108,0.737379432
INN26519,0.344601035
INN07071,0.660780966
INN12987,0.082310006
INN13296,0.739150107
INN28714,0.306717813
INN14914,0.130504772
INN09073,0.971060574
INN28036,0.236485183
INN28669,0.362875134
INN12494,0.061779659
INN14561,0.969288647
INN01641,0.089323081
INN21308,0.026554242
INN21295,0.846554697
INN25266,0.142628536
INN29481,0.907038331
INN06187,0.356363952
INN17897,0.543116331
INN31426,0.684108615
INN17252,0.08615949
INN28053,0.085532367
INN03943,0.26710251
INN23982,0.226998031
INN28710,0.805773795
INN25372,0.788110554
INN27257,0.131971449
INN06552,0.365265548
INN12139,0.352720261
INN10792,0.870062709
INN24388,0.755853891
INN32241,0.347775012
INN11029,0.387603641
INN29791,0.032081526
INN14582,0.111479342
INN18340,0.235318124
INN00197,0.135964349
INN07881,0.369229436
INN11544,0.491460413
INN27635,0.447325528
INN07948,0.327473015
INN24136,0.825100183
INN19906,0.724517941
INN17955,0.885165274
INN00734,0.731486857
INN21500,0.254530698
INN29263,0.10850285
INN08291,0.755119443
INN24626,0.795005441
INN16695,0.008114739
INN27740,0.252871126
INN32461,0.00995333
INN23606,0.366263568
INN07290,0.164151579
INN04286,0.034023214
INN27542,0.044786043
INN07337,0.020955982
INN09996,0.089958504
INN16342,0.853280306
INN00625,0.022428529
INN12537,0.525762677
INN35355,0.503144979
INN25977,0.389946789
INN30578,0.006432874
INN17368,0.31832093
INN11431,0.379973829
INN33249,0.566400886
INN19100,0.200844541
INN01595,0.137506291
INN10277,0.0024904
INN24900,0.10012649
INN29299,0.187742278
INN21748,0.480625033
INN19761,0.006903158
INN21139,0.669231951
INN06593,0.034981467
INN22086,0.009930533
INN23023,0.658847332
INN25660,0.548310161
INN28824,0.458760947
INN25022,0.544442177
INN21787,0.527531385
INN34357,0.477233589
INN02072,0.527813852
INN06761,0.685972154
INN00458,0.363348067
INN27552,0.551870048
INN06586,0.001142604
INN32235,0.012887456
INN10422,0.424599618
INN17978,0.201751739
INN18635,0.453612953
INN34148,0.117322139
INN24962,0.594731212
INN21429,0.52771908
INN07304,0.283468157
INN09739,0.473085284
INN05347,0.545128584
INN32015,0.061631318
INN34147,0.077362277
INN15045,0.063128583
INN10658,0.445116907
INN13053,0.549820185
INN24062,0.127038449
INN35881,0.017044527
INN25132,0.373700142
INN35132,0.98324573
INN26847,0.216219112
INN05479,0.060502522
INN24964,0.283611625
INN17412,0.086661592
INN20966,0.331817031
INN32721,0.499539316
INN30437,0.050264671
INN08500,0.521677196
INN16398,0.412496835
INN32901,0.381614059
INN32622,0.473943621
INN14454,0.001060911
INN01682,0.248289689
INN12981,0.099448174
INN10344,0.005728717
INN25320,0.404727787
INN04238,0.403507739
INN23944,0.592189372
INN16766,0.196889117
INN26301,0.126300752
INN12779,0.136682451
INN23193,0.149052009
INN30795,0.894456625
INN32268,0.600224316
INN04420,0.09513516
INN04557,0.106728137
INN13489,0.091351502
INN00567,0.373955011
INN21915,0.573676348
INN25295,0.262260139
INN19136,0.997088015
INN02753,0.624693155
INN02961,0.166270107
INN32950,0.080894761
INN10922,0.348814279
INN20202,0.625098705
INN33076,0.912990689
INN30820,0.014139567
INN22074,0.139825135
INN28659,0.182084829
INN01449,0.688552499
INN09762,0.103494242
INN18042,0.167979822
INN22221,0.198351562
INN18796,0.132434756
INN28169,0.323999077
INN32251,0.006653707
INN08280,0.225377902
INN26323,0.402919412
INN08484,0.551000595
INN02677,0.029790994
INN01378,0.509747148
INN19127,0.151142433
INN34194,0.156655163
INN31245,0.386550069
INN24117,0.373624116
INN11129,0.095576338
INN02300,0.742341101
INN08846,0.771865726
INN10429,0.238930255
INN23308,0.192143634
INN28992,0.380388677
INN14325,0.020265892
INN17380,0.237625957
INN34126,0.147725374
INN26977,0.096104965
INN23406,0.620389223
INN25152,0.836188197
INN29205,0.797330916
INN12089,0.227287844
INN23718,0.032663971
INN05173,0.496883512
INN18036,0.360043734
INN26667,0.407574058
INN06003,0.053682756
INN20796,0.287059307
INN05019,0.192393929
INN29941,0.77346462
INN15571,0.055991884
INN01180,0.017540468
INN32242,0.759829819
INN13034,0.327278167
INN24803,0.482403994
INN32019,0.545702696
INN18329,0.001364285
INN14284,0.362477839
INN23883,0.74932009
INN25643,0.813698709
INN30099,0.060377914
INN28682,0.102937922
INN07946,0.422032744
INN12427,0.1248096
INN21061,0.885664821
INN09677,0.141236439
INN04878,0.355651379
INN18915,0.091604419
INN34648,0.870559692
INN25201,0.287293583
INN17692,0.01239026
INN18594,0.782562912
INN30991,0.039664742
INN12239,0.039780065
INN19059,0.203518733
INN25491,0.279881924
INN18847,0.18322134
INN08355,0.019934777
INN33390,0.406093031
INN33807,0.081176825
INN28570,0.137904346
INN14778,0.701078296
INN08311,0.260116756
INN21158,0.335002124
INN19712,0.015383546
INN28463,0.679629624
INN33479,0.718372047
INN17929,0.725936532
INN24410,0.408709288
INN19111,0.029035952
INN10926,0.488893926
INN12288,0.022770405
INN06109,0.061548345
INN18271,0.007611493
INN25885,0.571169078
INN00759,0.052393187
INN18839,0.931170404
INN03567,0.123873189
INN34165,0.222391605
INN06984,0.613890648
INN05361,0.633131623
INN07205,0.276540279
INN04411,0.404197186
INN16621,0.112403683
INN12784,0.384968132
INN35911,0.224587694
INN19388,0.008877249
INN31232,0.003187814
INN05860,0.158122733
INN34577,0.714664161
INN30864,0.418037176
INN19853,0.716044009
INN05922,0.356384903
INN09518,0.316618383
INN14387,0.002443217
INN18528,0.223769799
INN22863,0.640857816
INN31816,0.294977307
INN02276,0.057542019
INN15506,0.463749766
INN34694,0.526312292
INN07325,0.943653226
INN14448,0.05032799
INN21753,0.872109532
INN07025,0.181146562
INN26180,0.212222755
INN28084,0.379421681
INN10804,0.005874045
INN27432,0.298189849
INN04845,0.757946372
INN36022,0.370699108
INN33600,0.422934145
INN27336,0.028829964
INN03221,0.375239283
INN05328,0.037947964
INN30192,0.179910541
INN30228,0.122649893
INN34071,0.812153518
INN32859,0.384937882
INN04950,0.926481366
INN10036,0.939079463
INN16636,0.964138329
INN13757,0.680461049
INN22308,0.9855268
INN28384,0.714737236
INN20121,0.138796538
INN20258,0.100437157
INN21654,0.066588745
INN18869,0.182732537
INN36234,0.379380643
INN16070,0.614904284
INN22730,0.243630379
INN10477,0.789420128
INN03987,0.957935512
INN30774,0.940898299
INN11301,0.162305862
INN14041,0.03253144
INN15392,0.059272129
INN28241,0.897854507
INN19081,0.960034549
INN09415,0.783811331
INN14814,0.379004836
INN13036,0.458128929
INN19443,0.078024223
INN08134,0.319076747
INN26547,0.187695831
INN24069,0.079165094
INN34086,0.379594743
INN28584,0.435546845
INN14093,0.007725245
INN29594,0.443737447
INN19107,0.016528441
INN11866,0.478562117
INN35232,0.019053996
INN21259,0.003284441
INN33072,0.33042872
INN15253,0.133598238
INN35055,0.076005727
INN08384,0.13203451
INN23294,0.380499303
INN33015,0.451686591
INN07307,0.831200361
INN20586,0.325943768
INN36223,0.255525589
INN32909,0.433732599
INN14422,0.359892637
INN11800,0.402430594
INN04520,0.026413476
INN03039,0.026760785
INN24994,0.816031098
INN31397,0.157852858
INN34324,0.378487796
INN30098,0.294906348
INN21525,0.23233135
INN20557,0.686236084
INN34433,0.819729209
INN34445,0.4777233
INN08618,0.003159175
INN13439,0.804441333
INN11744,0.818458915
INN30108,0.162305862
INN22164,0.157484189
INN22904,0.967317045
INN19985,0.017984089
INN13518,0.060145237
INN22950,0.011967395
INN05882,0.047703974
INN06150,0.011418167
INN24762,0.032135073
INN14453,0.227160513
INN27466,0.441518337
INN09622,0.348324746
INN17114,0.143180206
INN08825,0.002152632
INN23540,0.682275712
INN08055,0.044191387
INN31756,0.056885678
INN32343,0.029645424
INN03932,0.553411424
INN04606,0.480502248
INN15579,0.098187298
INN07644,0.784515321
INN23602,0.396359235
INN26022,0.13513042
INN14635,0.701727748
INN16304,0.451782346
INN20916,0.047756325
INN19747,0.064456254
INN29647,0.112530746
INN11216,0.29754585
INN12656,0.767026901
INN20116,0.097105883
INN09993,0.414962947
INN13856,0.458784372
INN27661,0.305804461
INN31120,0.405847967
INN33345,0.835889876
INN22473,0.776106954
INN29183,0.402825296
INN04203,0.370142907
INN16622,0.150289267
INN07970,0.108114392
INN07918,0.457841665
INN23232,0.11228171
INN12435,0.438218534
INN25108,0.382740378
INN17432,0.441362858
INN28919,0.019451799
INN12262,0.147103071
INN31069,0.591678083
INN22797,0.316164404
INN35050,0.524164379
INN30690,0.697280526
INN14603,0.136374563
INN30204,0.573663592
INN23843,0.081903182
INN03489,0.401853323
INN25854,0.955959618
INN12316,0.385915428
INN02438,0.353801608
INN12300,0.205589533
INN02136,0.156567395
INN25513,0.774039507
INN09713,0.60729152
INN14144,0.306512147
INN26700,0.003098639
INN33907,0.01282739
INN13603,0.348609716
INN08529,0.977471769
INN03253,0.642483652
INN05810,0.729681909
INN02639,0.160578787
INN18443,0.605342805
INN09791,0.031739391
INN13376,0.006235134
INN32827,0.250388175
INN08780,0.287191421
INN00978,0.038949009
INN30689,0.46893996
INN34315,0.491369784
INN31388,0.601579607
INN20710,0.007306823
INN26955,0.451099277
INN34023,0.369538903
INN31097,0.213014156
INN35515,0.301340997
INN18308,0.093804955
INN11428,0.102490269
INN01241,0.080225229
INN17203,0.212614968
INN26041,0.028523289
INN09296,0.263094753
INN05698,0.05652456
INN31734,0.744297326
INN24264,0.017039303
INN21739,0.164820552
INN26434,0.832321644
INN32225,0.039409854
INN00703,0.190906137
INN04521,0.759329975
INN27938,0.278122604
INN35418,0.701082468
INN28071,0.036974344
INN24037,0.388546467
INN15742,0.601959109
INN17962,0.315349221
INN15365,0.428026289
INN34674,0.001751834
INN09354,0.12659432
INN12620,0.439098448
INN11750,0.186760336
INN35346,0.525092125
INN24906,0.095722847
INN22790,0.335658431
INN15989,0.979368925
INN27138,0.057267785
INN32238,0.451445967
INN25872,0.043876275
INN31786,0.124435775
INN24795,0.424241543
INN08903,0.382759929
INN23374,0.293750703
INN19810,0.011539457
INN00378,0.004920528
INN10332,0.70893544
INN01299,0.807453752
INN26384,0.442378789
INN22975,0.845455945
INN19211,0.506942987
INN27582,0.046128422
INN12310,0.759188712
INN28365,0.000892979
INN08501,0.035396684
INN04519,0.369191945
INN30224,0.008714383
INN34810,0.79000634
INN14698,0.268075019
INN17497,0.134273782
INN11516,0.342099339
INN19754,0.269363821
INN01035,0.000990725
INN10881,0.733742476
INN31963,0.166361615
INN05346,0.034474794
INN12291,0.468457848
INN17965,0.207365766
INN18307,0.585876346
INN02002,0.954312801
INN15326,0.372754127
INN36054,0.104912952
INN33578,0.748656809
INN31933,0.078927465
INN27984,0.261869192
INN12832,0.873424292
INN10854,0.139530376
INN29616,0.588672996
INN30086,0.485077381
INN18452,0.004332386
INN30924,0.158629656
INN03900,0.745283544
INN09452,0.317926258
INN01166,0.313870221
INN00345,0.342240065
INN09505,0.755874991
INN05677,0.04342654
INN03209,0.16227974
INN18408,0.143178925
INN25555,0.269349068
INN30851,0.309834778
INN00140,0.694314539
INN15985,0.055707369
INN24928,0.73284924
INN33083,0.341289997
INN30592,0.99642998
INN30928,0.424128979
INN04215,0.581896722
INN14403,0.212234601
INN12519,0.00166611
INN11558,0.241927907
INN08603,0.260739565
INN26960,0.067569941
INN31506,0.241728514
INN31849,0.730834186
INN10008,0.171431988
INN20647,0.441380799
INN06112,0.01734373
INN33684,0.232087299
INN34466,0.013344276
INN03646,0.329070866
INN05467,0.011078432
INN05253,0.75785023
INN03674,0.040409785
INN02230,0.428319395
INN28912,0.278489918
INN25051,0.194626361
INN19592,0.012608288
INN01283,0.080965675
INN32258,0.315375656
INN18499,0.050717451
INN01591,0.006021892
INN18054,0.498842418
INN01795,0.186504453
INN10329,0.155697778
INN02875,0.367173523
INN05654,0.023423495
INN21522,0.116606936
INN21473,0.097259216
INN29998,0.007713693
INN22120,0.08642824
INN07639,0.357707202
INN10128,0.168664917
INN07192,0.71462971
INN25446,0.307672709
INN21904,0.373142064
INN12565,0.359696448
INN33042,0.423014909
INN28692,0.864444733
INN01847,0.402520746
INN04021,0.439258814
INN18655,0.156076998
INN18894,0.390048504
INN31293,0.174255759
INN02443,0.000869177
INN11512,0.464491189
INN29728,0.039794538
INN25791,0.865312457
INN18357,0.423503995
INN15539,0.191025421
INN04385,0.826385677
INN01737,0.362480611
INN28238,0.015617017
INN00120,0.018138826
INN25913,0.207454205
INN23073,0.057358488
INN33392,0.007736842
INN05200,0.1725934
INN16065,0.041202392
INN11905,0.263011992
INN19079,0.489996582
INN29641,0.93562597
INN06482,0.187721774
INN24087,0.883412421
INN22052,0.001021491
INN02118,0.525348723
INN20593,0.164975464
INN09566,0.154681712
INN33811,0.911027551
INN32025,0.926349819
INN01198,0.001387363
INN06282,0.457443595
INN01669,0.034745689
INN35477,0.206513435
INN16316,0.889956713
INN11998,0.03099245
INN00518,0.05966365
INN18955,0.021650756
INN29370,0.033138271
INN30510,0.132518992
INN28892,0.019801432
INN28422,0.365544945
INN06886,0.07243333
INN31478,0.031810578
INN04507,0.009186781
INN28884,0.003087017
INN01073,0.642630696
INN28628,0.073649883
INN05716,0.761246145
INN01276,0.03032078
INN09559,0.770661235
INN02296,0.002827973
INN03602,0.347992241
INN13063,0.001721224
INN08041,0.007316511
INN05551,0.462494045
INN04825,0.216464683
INN02745,0.057913523
INN30083,0.584976852
INN10789,0.290592164
INN25968,0.150412858
INN29437,0.100741826
INN09271,0.973371387
INN01931,0.647319913
INN13611,0.037671238
INN20221,0.167840764
INN30009,0.737588286
INN02526,0.895002544
INN29142,0.170292899
INN00641,0.268459558
INN27405,0.154659554
INN35990,0.372898579
INN05842,0.014470438
INN04347,0.244927526
INN05684,0.535978734
INN30541,0.515940964
INN26277,0.244783357
INN26982,0.565990031
INN25581,0.470651984
INN18247,0.699885368
INN02625,0.662096202
INN09986,0.126189202
INN27215,0.339531958
INN29584,0.170830965
INN12948,0.63324976
INN20022,0.139421403
INN02159,0.209206805
INN19291,0.110162877
INN33179,0.043199603
INN22026,0.094403684
INN10507,0.400968373
INN00242,0.315577477
INN28114,0.305639774
INN07498,0.439485818
INN03266,0.005918805
INN35066,0.177169219
INN15772,0.541376948
INN12408,0.41328609
INN25020,0.32332325
INN07302,0.757823944
INN10138,0.005440503
INN17202,0.60426271
INN04738,0.272453755
INN05712,0.638381839
INN26518,0.474093646
INN06927,0.814337671
INN32642,0.694303036
INN15177,0.392677695
INN23355,0.517323673
INN21580,0.333796769
INN10371,0.720455408
INN29276,0.747937977
INN21716,0.439811438
INN05357,0.053105205
INN35131,0.202570334
INN08762,0.326994538
INN35806,0.021817233
INN30402,0.90394938
INN16056,0.5061782
INN08427,0.36440134
INN24824,0.000647448
INN35245,0.398945957
INN01001,0.670140445
INN34187,0.238259926
INN14193,0.036152925
INN06216,0.849125862
INN16613,0.062292136
INN15519,0.196057037
INN05355,0.191085786
INN07865,0.130882755
INN15138,0.030444032
INN07031,0.119340919
INN10039,0.281482071
INN12734,0.066585131
INN23281,0.063067719
INN14223,0.704439521
INN04230,0.07514634
INN21010,0.607520998
INN28818,0.35789758
INN05713,0.132017761
INN17391,0.206462383
INN13593,0.205642283
INN20576,0.143229306
INN30053,0.090845168
INN33273,0.021429515
INN02532,0.339866936
INN02762,0.166905895
INN06716,0.057543933
INN13197,0.623470008
INN05755,0.477329075
INN17828,0.174500629
INN20741,0.458346188
INN19877,0.745441616
INN27164,0.764413476
INN02096,0.431159496
INN14984,0.972457409
INN03050,0.607821405
INN17118,0.458760589
INN00953,0.067705348
INN05825,0.820612669
INN29304,0.821237803
INN09932,0.263730466
INN29461,0.087656096
INN01663,0.206832111
INN07029,0.558850527
INN18552,0.801713109
INN18218,0.371116459
INN07719,0.229091778
INN20276,0.880286276
INN21284,0.38645044
INN31518,0.256564111
INN18930,0.61188519
INN09441,0.778661549
INN32312,0.766804695
INN20041,0.379939914
INN09147,0.002696316
INN12864,0.656108379
INN05658,0.097603329
INN29544,0.710460186
INN34586,0.035783648
INN28755,0.010228655
INN34351,0.157247916
INN10753,0.052608684
INN32320,0.122791968
INN16031,0.111712098
INN23533,0.054794371
INN18436,0.057718784
INN11748,0.683286488
INN20571,0.355833858
INN27896,0.198104814
INN34188,0.102429405
INN07894,0.385301799
INN29385,0.580509722
INN01521,0.018125318
INN20732,0.328819126
INN01244,0.077684268
INN25379,0.003994571
INN01556,0.399790823
INN33891,0.022530036
INN07034,0.568626881
INN11659,0.868727684
INN29759,0.218293712
INN23813,0.006265733
INN26495,0.278624624
INN09933,0.722312331
INN01890,0.346465915
INN01115,0.166962519
INN18537,0.035729468
INN03930,0.06397447
INN34495,0.689029396
INN24891,0.389813066
INN19047,0.12045116
INN11793,0.630075157
INN08858,0.005451074
INN02449,0.110220954
INN22545,0.66399765
INN01872,0.156148821
INN18539,0.707977235
INN24026,0.209122241
INN18290,0.873454154
INN12610,0.771005929
INN04651,0.990814388
INN14153,0.182663515
INN21721,0.082241476
INN08212,0.004681696
INN13170,0.056430951
INN08477,0.276025444
INN17116,0.565088451
INN24240,0.722483754
INN21255,0.094792143
INN33433,0.312972695
INN34076,0.068780877
INN09364,0.043769658
INN15349,0.008002476
INN10728,0.828467011
INN16356,0.229894519
INN08102,0.009256619
INN08226,0.03304068
INN34132,0.12620388
INN10981,0.473775148
INN28034,0.319076747
INN05988,0.027809856
INN28594,0.267510027
INN13538,0.095234297
INN17266,0.372715175
INN09539,0.337049663
INN22872,0.724956274
INN20123,0.163758025
INN28069,0.043977264
INN02579,0.392976999
INN33231,0.217348471
INN11859,0.08019083
INN34506,0.103049241
INN24319,0.347597897
INN16510,0.094443783
INN24186,0.220048204
INN08271,0.494352728
INN06804,0.000429135
INN21874,0.542877555
INN19982,0.155459136
INN05639,0.178189129
INN09329,0.002148418
INN08046,0.016022237
INN16000,0.014246413
INN35415,0.431810588
INN30150,0.493745178
INN19351,0.287101686
INN15342,0.286001086
INN24331,0.204447925
INN05976,0.048412874
INN17763,0.361026794
INN14665,0.138039887
INN09709,0.446093887
INN12039,0.493978828
INN23876,0.495936722
INN27822,0.965193331
INN00992,0.463433594
INN33222,0.824036479
INN26223,0.353595465
INN22412,0.403417081
INN02313,0.282163978
INN20799,0.152842253
INN18925,0.977404237
INN31347,0.438383102
INN25563,0.724945247
INN29217,0.203930631
INN34038,0.01354774
INN07101,0.004681634
INN33463,0.371449739
INN15921,0.050373107
INN00500,0.5048002
INN18838,0.539093375
INN28572,0.043460276
INN06621,0.401335955
INN36015,0.026497928
INN01306,0.283348322
INN01348,0.113152787
INN27880,0.568418741
INN01982,0.561148584
INN10666,0.121569574
INN12370,0.001528375
INN30885,0.003828515
INN30959,0.15182741
INN05947,0.05799159
INN12348,0.177630976
INN35171,0.006202524
INN10315,0.333208859
INN26395,0.784840882
INN05220,0.257713079
INN25299,0.570841491
INN02908,0.804638267
INN09961,0.938921452
INN26981,0.133542985
INN12102,0.03213004
INN32447,0.095588192
INN31352,0.075582363
INN21007,0.590489626
INN09780,0.152947322
INN05549,0.095858954
INN15084,0.04249087
INN08414,0.534225106
INN09382,0.002307471
INN32781,0.106026724
INN17545,0.004872117
INN24296,0.138856962
INN21785,0.958048105
INN13200,0.477529496
INN07432,0.12193805
INN11489,0.002168897
INN23194,0.35825941
INN36240,0.241943702
INN07781,0.853545308
INN31694,0.785293877
INN16214,0.237227365
INN34143,0.057253603
INN06351,0.350868165
INN30211,0.176793247
INN09929,0.022184566
INN26671,0.04151161
INN01992,0.775303602
INN28709,0.392681152
INN01030,0.82214874
INN06272,0.370652735
INN20808,0.02886235
INN36085,0.428641737
INN19298,0.399964839
INN12061,0.274701715
INN35004,0.526664734
INN08919,0.864167452
INN06970,0.648989141
INN11189,0.946334839
INN35335,0.919105828
INN26305,0.000614849
INN34206,0.016063772
INN16719,0.163452521
INN15335,0.538253009
INN05372,0.684161067
INN34766,0.200494811
INN16542,0.59795934
INN06605,0.709463239
INN13083,0.065906934
INN19535,0.382627696
INN06437,0.809806406
INN21957,0.527420819
INN06663,0.094474196
INN34039,0.683546066
INN20489,0.126196653
INN02009,0.213790476
INN22248,0.123961039
INN05876,0.276386589
INN29365,0.156155348
INN19025,0.512665093
INN27828,0.378961474
INN29350,0.324163795
INN29367,0.097155914
INN23884,0.156746566
INN08136,0.128878653
INN07752,0.00179625
INN04706,0.191593468
INN01093,0.042291805
INN10355,0.300068766
INN02169,0.254505932
INN30126,0.000847441
INN01034,0.194771186
INN01857,0.876227498
INN03190,0.452675611
INN30591,0.314706177
INN10399,0.616055369
INN32727,0.502975941
INN33808,0.001680247
INN31211,0.834680796
INN15493,0.87596947
INN20651,0.243442103
INN01079,0.64620626
INN33152,0.106859639
INN35024,0.435240328
INN22547,0.414445132
INN01184,0.317284614
INN04751,0.046068445
INN33058,0.024674969
INN01789,0.068201475
INN33585,0.965369463
INN35327,0.297063112
INN22098,0.309546381
INN28996,0.367674261
INN23671,0.24701792
INN16753,0.026285319
INN07482,0.641729057
INN30114,0.62266773
INN23920,0.279742181
INN29829,0.840743661
INN02287,0.575564325
INN07138,0.53181076
INN23339,0.102910139
INN34355,0.343280494
INN21291,0.153745621
INN12363,0.011010003
INN28485,0.061890114
INN21457,0.004795595
INN11755,0.15360634
INN21900,0.88635397
INN32031,0.481337637
INN15889,0.354043871
INN20402,0.020114629
INN34015,0.012993097
INN06747,0.374275118
INN29105,0.977798522
INN28574,0.83016485
INN15751,0.29613921
INN02139,0.245827511
INN02120,0.02625894
INN26115,0.565006793
INN23748,0.014817246
INN35402,0.245122507
INN04776,0.290287405
INN33504,0.346906573
INN27864,0.374104768
INN20530,0.235162437
INN00517,0.25667581
INN13327,0.003930817
INN26485,0.04160881
INN24885,0.057184823
INN35044,0.18607752
INN06493,0.372733116
INN11579,0.396324813
INN26336,0.010126649
INN28099,0.052020289
INN18587,0.358789265
INN25088,0.11850626
INN06905,0.677328944
INN17517,0.392986923
INN31323,0.66395545
INN32538,0.800981343
INN04218,0.378470391
INN24368,0.026952824
INN23264,0.380282104
INN25512,0.404234529
INN17419,0.13786757
INN07091,0.700781226
INN07232,0.368299425
INN34381,0.388999939
INN00448,0.333590657
INN19432,0.819521725
INN22475,0.648304284
INN16208,0.690302968
INN02636,0.005501371
INN05149,0.7403754
INN07723,0.382951438
INN28214,0.003222138
INN04323,0.023877963
INN27783,0.702897847
INN32316,0.202866346
INN23618,0.487392962
INN07593,0.403081954
INN22984,0.530429482
INN18875,0.655691683
INN31403,0.462076396
INN16696,0.026152825
INN14982,0.213926554
INN06527,0.301762253
INN29261,0.134901583
INN14425,0.424227476
INN02345,0.593353391
INN33638,0.78021419
INN29928,0.131223843
INN07041,0.030149546
INN23453,0.707032025
INN01119,0.498649448
INN32433,0.085757643
INN03338,0.992479444
INN10055,0.476596326
INN22245,0.129694059
INN23587,0.669706821
INN29006,0.718256354
INN13264,0.271336615
INN13884,0.859580934
INN32386,0.72294867
INN00656,0.097566821
INN21914,0.138555855
INN23614,0.738345921
INN12733,0.085328698
INN01398,0.008535606
INN19430,0.833488703
INN20874,0.35714972
INN35341,0.069094323
INN35251,0.424334735
INN06040,0.876968324
INN01397,0.271366835
INN18818,0.666649997
INN05046,0.393993467
INN04673,0.600976825
INN32695,0.370251387
INN11719,0.021679724
INN24142,0.04044801
INN01697,0.067200512
INN02347,0.452410012
INN30286,0.341466933
INN33051,0.125212565
INN16711,0.826768816
INN18526,0.024105523
INN09592,0.041533388
INN15209,0.607905269
INN08024,0.991980195
INN21368,0.122448646
INN17180,0.793883264
INN34488,0.00472836
INN24765,0.129820749
INN07331,0.082700759
INN13507,0.090254739
INN25875,0.058713563
INN22711,0.371077746
INN17664,0.540340781
INN23501,0.388867795
INN25294,0.747494996
INN05428,0.057918802
INN00597,0.441304356
INN12568,0.188534826
INN17355,0.419321448
INN11016,0.117232613
INN34895,0.21299009
INN03389,0.239247799
INN13963,0.332183957
INN25500,0.211392581
INN17844,0.347459853
INN14092,0.011428629
INN03848,0.042143416
INN15136,0.025939196
INN03508,0.004701252
INN15869,0.037466303
INN35036,0.844957829
INN13064,0.344430476
INN14494,0.66718924
INN25078,0.018922113
INN10409,0.464067668
INN13711,0.455915987
INN11045,0.089307085
INN02684,0.726951957
INN25799,0.012259675
INN09560,0.704998314
INN29615,0.317142993
INN30057,0.404416949
INN31348,0.030476579
INN18858,0.070459343
INN22941,0.347547382
INN01816,0.214155659
INN36121,0.279847652
INN04985,0.043456558
INN33485,0.47804758
INN34916,0.796953201
INN14170,0.157488316
INN08088,0.306679338
INN26193,0.548903525
INN26465,0.500252366
INN01906,0.441995472
INN06312,0.55695349
INN32013,0.547482491
INN15118,0.392805785
INN05599,0.546934068
INN12972,0.232463107
INN15114,0.468940794
INN33452,0.136681303
INN14100,0.100398049
INN04635,0.551406085
INN21454,0.137293398
INN27367,0.031568624
INN19428,0.008277131
INN34843,0.413971514
INN28923,0.290460855
INN10430,0.116702065
INN29527,0.291187882
INN08443,0.239966124
INN12891,0.05076389
INN23470,0.251063377
INN15076,0.500211537
INN16267,0.974343777
INN12036,0.207229197
INN35967,0.221740261
INN19633,0.969943404
INN02859,0.144728586
INN10338,0.953415573
INN01413,0.044218767
INN25050,0.324499249
INN33668,0.647600532
INN01324,0.166865915
INN12884,0.342415035
INN00093,0.377952665
INN27477,0.159611598
INN24430,0.228089273
INN31930,0.816259146
INN03836,0.536750078
INN06362,0.097209327
INN06001,0.349641591
INN26980,0.286288679
INN14912,0.984498441
INN07439,0.39043802
INN05815,0.10283035
INN10343,0.541013122
INN34129,0.203272551
INN03886,0.027706567
INN16484,0.72985214
INN06037,0.003974202
INN19787,0.130826816
INN17042,0.62603265
INN25887,0.24709487
INN18248,0.062650315
INN18198,0.077010728
INN07210,0.24232161
INN08887,0.606577337
INN23701,0.432685494
INN28176,0.409609437
INN13505,0.684165776
INN26595,0.0174932
INN31346,0.145917073
INN01424,0.316509753
INN07134,0.90358144
INN05101,0.12362612
INN06952,0.157067806
INN19527,0.114157036
INN30421,0.861440241
INN09499,0.544234514
INN36074,0.317421615
INN04158,0.291629493
INN13550,0.572740614
INN32638,0.5634709
INN07572,0.628958941
INN01110,0.129610851
INN08404,0.133668944
INN31492,0.034490012
INN33372,0.023197124
INN15557,0.770587087
INN10697,0.540161848
INN00964,0.680069447
INN33493,0.033718705
INN21610,0.243365094
INN32765,0.043821584
INN07475,0.496722639
INN02975,0.570635855
INN26111,0.541962206
INN17748,0.149076164
INN16170,0.106569752
INN10864,0.226411581
INN08766,0.975484967
INN27010,0.612453938
INN02852,0.099286973
INN12423,0.293998718
INN17080,0.63205111
INN04524,0.871951282
INN01248,0.114996128
INN34853,0.204535186
INN07746,0.17226629
INN16467,0.047736526
INN21833,0.238041326
INN02732,0.311623573
INN25493,0.251842111
INN16615,0.442889541
INN19968,0.044957291
INN13417,0.35900861
INN23149,0.007406533
INN29822,0.22984536
INN16740,0.258795917
INN20778,0.760328054
INN36245,0.662021875
INN11193,0.003278989
INN21891,0.27226007
INN21971,0.128284916
INN04956,0.192969233
INN36224,0.427192539
INN20442,0.338510066
INN17260,0.322534353
INN10837,0.070887208
INN30776,0.606689215
INN09767,0.361183017
INN13195,0.134730369
INN23745,0.565743506
INN08023,0.864666343
INN21993,0.323233366
INN15244,0.30811882
INN12312,0.438069016
INN25083,0.26295498
INN24005,0.606120706
INN18046,0.756122351
INN06047,0.336649001
INN20832,0.53789562
INN03698,0.240595758
INN20780,0.326487035
INN34626,0.453553498
INN20087,0.223783582
INN29714,0.314044833
INN30659,0.015973018
INN30717,0.027779153
INN31888,0.760670483
INN35786,0.76946491
INN10743,0.590336025
INN08571,0.00788899
INN12952,0.016268125
INN06825,0.03178785
INN12629,0.053870603
INN26268,0.315708131
INN14760,0.439841777
INN35751,0.437492192
INN19278,0.432732016
INN07516,0.455821663
INN00757,0.477200061
INN08194,0.002682295
INN32670,0.67402494
INN35897,0.354209393
INN14332,0.024267107
INN21455,0.423135161
INN02589,0.292149335
INN25367,0.032882616
INN07769,0.499272108
INN30326,0.276493877
INN27586,0.883091509
INN10446,0.422687411
INN16516,0.676237345
INN18191,0.238066226
INN29199,0.743320584
INN22047,0.631430387
INN23128,0.50119698
INN01802,0.334938258
INN14355,0.081152469
INN10785,0.193500057
INN15074,0.257638216
INN20541,0.083732501
INN11147,0.216796473
INN24807,0.211781383
INN17055,0.35011673
INN12023,0.33893925
INN21888,0.419642359
INN34234,0.151345506
INN16089,0.004780877
INN00828,0.497224689
INN13934,0.16710186
INN15393,0.213269934
INN33462,0.52504164
INN05079,0.006133794
INN03807,0.114802256
INN19898,0.056777384
INN26813,0.411838889
INN29182,0.723791242
INN24480,0.766353905
INN30612,0.754701018
INN11667,0.981979251
INN33320,0.288390756
INN34264,0.348999441
INN33889,0.003015721
INN10546,0.094955541
INN07654,0.905191004
INN18883,0.59076345
INN05870,0.402661085
INN01132,0.006920991
INN21242,0.005004704
INN01960,0.098679312
INN10092,0.080748737
INN07268,0.33675921
INN24302,0.858106494
INN04757,0.092613101
INN19021,0.70893544
INN24997,0.813255787
INN00743,0.326282829
INN06238,0.149411172
INN28260,0.344156146
INN09654,0.57500118
INN35597,0.135661662
INN11966,0.224804193
INN00513,0.192192018
INN08284,0.709862471
INN23974,0.04371915
INN13989,0.682587326
INN34728,0.705005586
INN18033,0.21751526
INN09129,0.444846541
INN13837,0.07883054
INN00594,0.940976501
INN31365,0.162414834
INN00874,0.127956137
INN31953,0.754035711
INN18456,0.757595658
INN00335,0.073788822
INN07021,0.056794971
INN19994,0.004942737
INN08604,0.666035593
INN23894,0.941097677
INN09094,0.138205081
INN13531,0.041927878
INN28508,0.086678036
INN30588,0.012808812
INN20929,0.195627719
INN03661,0.007996702
INN17704,0.385273367
INN18050,0.69432193
INN14376,0.6970734
INN04029,0.894295096
INN12185,0.418547213
INN28062,0.28584978
INN12415,0.003850269
INN26364,0.439135194
INN30923,0.336901456
INN06428,0.00678636
INN13763,0.067686677
INN23488,0.854079723
INN14757,0.371831328
INN03819,0.238504916
INN28111,0.168014511
INN29885,0.000868801
INN05395,0.019251632
INN13402,0.317198008
INN00131,0.160772979
INN21867,0.326009691
INN26517,0.87468946
INN06759,0.350632399
INN04851,0.277155071
INN10481,0.152796075
INN10167,0.365906984
INN07933,0.504541874
INN31862,0.020006461
INN36044,0.739150107
INN02727,0.009707019
INN30831,0.004184683
INN33488,0.002268128
INN13138,0.095359191
INN34601,0.322534353
INN29551,0.040517531
INN35713,0.960413396
INN08293,0.014735168
INN25178,0.159876913
INN02835,0.064437337
INN34662,0.440996528
INN10902,0.164518088
INN34919,0.017019084
INN19416,0.398256689
INN27093,0.157674983
INN01514,0.840148926
INN07653,0.353479415
INN12152,0.003816562
INN03069,0.019281261
INN02950,0.004158878
INN27323,0.625097871
INN12441,0.527406693
INN29170,0.140917495
INN16486,0.473853081
INN11100,0.008307238
INN17019,0.620881379
INN06317,0.578770876
INN16105,0.703568161
INN17405,0.32749337
INN01604,0.497914463
INN14278,0.793109059
INN26910,0.978042722
INN03636,0.22477214
INN24101,0.279997081
INN34865,0.666815877
INN01792,0.098597065
INN04464,0.362875134
INN28262,0.50190115
INN34891,0.176800579
INN13809,0.214506641
INN30149,0.111271784
INN09682,0.272355676
INN01332,0.001599787
INN11154,0.019283295
INN16343,0.005256821
INN17363,0.383052647
INN31948,0.083835743
INN15918,0.341152996
INN21416,0.968625426
INN32939,0.45107308
INN34240,0.370914698
INN28529,0.165739402
INN06995,0.322123677
INN06479,0.2978746
INN19218,0.357470363
INN31444,0.771932721
INN12593,0.521313667
INN20365,0.015528749
INN31180,0.238645211
INN22327,0.221442506
INN32640,0.038800105
INN20960,0.431391954
INN09236,0.357727736
INN11327,0.9745574
INN25105,0.327141941
INN21953,0.112910368
INN00683,0.004070219
INN27471,0.295126528
INN30956,0.464041144
INN34084,0.359434962
INN29286,0.09686549
INN14418,0.024649873
INN05289,0.405129075
INN29234,0.720681727
INN17942,0.011476064
INN25063,0.423677027
INN24756,0.353102982
INN24258,0.048439588
INN18656,0.112782381
INN30914,0.275689811
INN05086,0.1220662
INN07603,0.790516496
INN23002,0.74233526
INN12112,0.369657338
INN10398,0.631070316
INN27529,0.154063895
INN15240,0.724007666
INN30284,0.332089782
INN34060,0.086297996
INN06529,0.040923454
INN33818,0.567724705
INN21108,0.475307167
INN29892,0.427544117
INN30734,0.094392866
INN33264,0.073059864
INN32507,0.608196318
INN19723,0.674849927
INN15323,0.417977333
INN07756,0.703969061
INN14157,0.32600984
INN18787,0.978412807
INN01764,0.87024641
INN11977,0.102023929
INN27399,0.346418142
INN23886,0.261540532
INN06157,0.082866207
INN24632,0.666480541
INN35998,0.02703457
INN32534,0.459154874
INN02183,0.3332856
INN10334,0.47476846
INN21135,0.128197551
INN13765,0.390758425
INN10411,0.061882503
INN29571,0.520079076
INN08561,0.355421126
INN26034,0.772379458
INN00867,0.357600331
INN00480,0.396622211
INN16873,0.497506827
INN23321,0.372846365
INN03103,0.217106342
INN17017,0.327493131
INN02311,0.366542429
INN21460,0.002214713
INN34758,0.488893926
INN03594,0.013614828
INN15025,0.612951338
INN05537,0.200287282
INN26691,0.308615178
INN24970,0.184507295
INN00777,0.008230795
INN21612,0.162010163
INN23415,0.732899129
INN03002,0.755628705
INN28775,0.740201175
INN32326,0.444661081
INN14937,0.551747859
INN29627,0.04966189
INN01140,0.095838234
INN14903,0.004809844
INN15179,0.115042597
INN13334,0.31990388
INN02175,0.837075889
INN09335,0.467071563
INN19137,0.689481735
INN04469,0.748862922
INN24852,0.739817858
INN29799,0.356552303
INN24700,0.010407454
INN04784,0.81146872
INN31827,0.659320891
INN31126,0.071942262
INN21488,0.863673985
INN02747,0.297591358
INN34822,0.612594068
INN18907,0.458675146
INN25673,0.356034935
INN30979,0.426940441
INN07786,0.170549318
INN02565,0.038230784
INN28727,0.833060205
INN10891,0.010049484
INN31640,0.404282749
INN30115,0.198106647
INN32634,0.005771333
INN36271,0.411795139
INN03736,0.880298078
INN12849,0.491355687
INN09646,0.302178681
INN29168,0.28297019
INN13624,0.642171443
INN30585,0.794278741
INN23408,0.402952313
INN10874,0.453130931
INN22675,0.324986666
INN04752,0.277753621
INN18006,0.371358365
INN23363,0.091782615
INN33955,0.619630516
INN26629,0.255986899
INN31410,0.28960219
INN07403,0.473334163
INN04999,0.099269859
INN12052,0.736962914
INN33745,0.705268741
INN29267,0.381246597
INN05485,0.075300485
INN32588,0.921894372
INN27846,0.217801198
INN34554,0.047068134
INN22255,0.032865264
INN31740,0.675035357
INN02618,0.151566133
INN06416,0.994851887
INN06827,0.279745132
INN22122,0.028839178
INN30073,0.430267692
INN21722,0.131416693
INN02848,0.260578722
INN34347,0.001118604
INN28621,0.278335124
INN03026,0.25449121
INN25719,0.575181782
INN07267,0.690295577
INN26410,0.54690522
INN08752,0.58317101
INN15460,0.189959362
INN09399,0.204341486
INN30744,0.062428169
INN05465,0.010340457
INN32787,0.877355278
INN01419,0.339442521
INN14833,0.1336447
INN00781,0.176133782
INN23144,0.013817673
INN33662,0.12925519
INN24249,0.279355347
INN10199,0.561618567
INN12650,0.165415227
INN33932,0.049385529
INN27771,0.119944908
INN10825,0.041439045
INN07404,0.225328818
INN29613,0.544387102
INN31990,0.445587546
INN32920,0.961725354
INN26998,0.418986619
INN31179,0.005294215
INN11839,0.182030633
INN23400,0.096867487
INN34094,0.166884229
INN22171,0.964249611
INN26659,0.022298658
INN24431,0.877503693
INN16317,0.306574225
INN35942,0.286203235
INN33403,0.320896566
INN07194,0.048758712
INN22039,0.509307384
INN36129,0.793733418
INN23474,0.403870165
INN15667,0.107416056
INN27580,0.128078684
INN27070,0.366948038
INN05554,0.380048186
INN15416,0.07979966
INN29994,0.330272198
INN21277,0.029601267
INN21237,0.259996116
INN22436,0.062929742
INN06127,0.738470018
INN33725,0.406799167
INN03249,0.948204815
INN05305,0.987049282
INN23925,0.002228195
INN22573,0.665789247
INN12569,0.311186701
INN06233,0.09154398
INN30859,0.565096617
INN04041,0.780076504
INN33575,0.012625353
INN03586,0.285862207
INN22813,0.271909833
INN14683,0.235020354
INN00981,0.415527791
INN30490,0.192819685
INN07641,0.26621142
INN19835,0.042162072
INN10823,0.16155459
INN24409,0.152843356
INN07681,0.396317363
INN15146,0.309276372
INN21708,0.433314055
INN26362,0.99552542
INN04590,0.645954251
INN07600,0.409360379
INN13696,0.60239172
INN09976,0.702897847
INN29016,0.611596882
INN03059,0.339945376
INN22266,0.799218595
INN32358,0.142273545
INN17760,0.302881628
INN29830,0.665303826
INN29950,0.335327893
INN16414,0.209824935
INN17506,0.252688318
INN24391,0.007936981
INN29768,0.040091626
INN22632,0.234454557
INN10830,0.052338693
INN18170,0.201997712
INN18885,0.965528369
INN10646,0.329722941
INN14015,0.058770895
INN23754,0.002583314
INN09535,0.723126709
INN27621,0.113249891
INN13209,0.632642806
INN34256,0.181975856
INN18417,0.004727453
INN23376,0.865486979
INN06389,0.01602632
INN06481,0.069109388
INN19086,0.33109352
INN00267,0.173053637
INN04406,0.606410742
INN28095,0.068060182
INN16584,0.013213524
INN05778,0.440951377
INN18630,0.44779548
INN07150,0.417764366
INN03843,0.205467463
INN20392,0.296996117
INN34435,0.195618704
INN35689,0.403501153
INN32151,0.052097902
INN19294,0.807576597
INN05688,0.505170226
INN25666,0.013579728
INN19688,0.025736827
INN10099,0.080226362
INN00791,0.381550372
INN29200,0.236279219
INN21803,0.061742689
INN32032,0.418701738
INN26055,0.621119142
INN08154,0.394641399
INN14201,0.362264603
INN19790,0.155871198
INN01443,0.848320007
INN09852,0.820131958
INN30782,0.282339901
INN15728,0.505588949
INN25436,0.634795785
INN25174,0.389293998
INN25595,0.638266921
INN14189,0.037221856
INN23689,0.769467294
INN34056,0.139669567
INN05196,0.257258713
INN05387,0.155874804
INN03616,0.644344628
INN17498,0.073311672
INN04563,0.709466636
INN11685,0.375558496
INN09001,0.004780673
INN04179,0.048758801
INN14074,0.052307155
INN28978,0.070248067
INN21179,0.117116354
INN11478,0.321127862
INN33971,0.254166514
INN33727,0.265847415
INN20490,0.274971187
INN31583,0.105497569
INN05437,0.090024881
INN22562,0.406576633
INN15948,0.148416653
INN01338,0.081957631
INN33287,0.087212592
INN09871,0.018074764
INN05562,0.103217617
INN35877,0.838673592
INN08593,0.001318681
INN32079,0.38812834
INN18903,0.528436959
INN33164,0.220252618
INN03036,0.189705789
INN07824,0.063716725
INN30567,0.703030527
INN07556,0.661090434
INN09772,0.216907412
INN05071,0.310526669
INN31299,0.18910557
INN35559,0.598562717
INN07137,0.194200948
INN21966,0.577425599
INN19396,0.456476271
INN18912,0.540830851
INN28348,0.022813978
INN34344,0.015866851
INN30826,0.760097384
INN15764,0.593218327
INN14122,0.386352152
INN30240,0.304519176
INN10888,0.113261566
INN22130,0.585526645
INN10431,0.003773298
INN35783,0.138239115
INN14345,0.030907996
INN33548,0.61652565
INN14108,0.305668473
INN21384,0.607338309
INN11450,0.338705182
INN23733,0.092388265
INN01304,0.236397743
INN06014,0.23659943
INN25577,0.386695325
INN16282,0.02665665
INN04868,0.384619921
INN06913,0.082388617
INN21019,0.671437502
INN17100,0.123730555
INN19729,0.085055821
INN01632,0.038004991
INN23697,0.078414507
INN26697,0.145635426
INN33438,0.031333219
INN00891,0.082291491
INN08440,0.853855193
INN10899,0.133016288
INN06676,0.073538467
INN12156,0.186422706
INN32161,0.289751112
INN19743,0.454061091
INN13367,0.051219165
INN02731,0.053105205
INN03955,0.677560687
INN07469,0.113526486
INN22054,0.019938501
INN15028,0.405861408
INN29942,0.477968752
INN07818,0.134515241
INN01465,0.457873851
INN00362,0.017986614
INN19007,0.071443349
INN31597,0.41549015
INN01431,0.778265774
INN14262,0.123991422
INN02384,0.021727273
INN00492,0.166306406
INN04818,0.387634605
INN28253,0.002644958
INN28403,0.260228336
INN16890,0.003330253
INN05166,0.322232544
INN07452,0.001623638
INN27273,0.007723031
INN33994,0.023841381
INN20273,0.004642038
INN31003,0.005193735
INN12120,0.00761618
INN24086,0.25782913
INN07846,0.116380505
INN20604,0.26667276
INN11784,0.016992262
INN06503,0.002460592
INN35007,0.026824988
INN09017,0.985901058
INN08363,0.514771044
INN00822,0.397308201
INN12995,0.226615608
INN05287,0.041738708
INN18872,0.809832573
INN10610,0.343894899
INN07023,0.075564466
INN08758,0.378057241
INN05990,0.132707015
INN15192,0.016945198
INN24251,0.034798432
INN18599,0.142759115
INN16937,0.418632388
INN12245,0.269272238
INN10942,0.322232544
INN24630,0.018189015
INN30904,0.086901449
INN20286,0.662384272
INN06396,0.303539604
INN24411,0.28298828
INN23901,0.164043307
INN26825,0.226459503
INN08278,0.655110657
INN18369,0.494285941
INN29744,0.137522027
INN18531,0.237853721
INN29509,0.975129247
INN22381,0.018531233
INN21862,0.568233907
INN05122,0.451469898
INN08898,0.165881082
INN11680,0.088876881
INN05837,0.44934231
INN12548,0.406876862
INN30287,0.533831418
INN17342,0.00104887
INN34323,0.850817144
INN08058,0.763799191
INN23004,0.003601397
INN33272,0.266195476
INN10466,0.249041781
INN31226,0.22157608
INN03595,0.415863872
INN08373,0.409652978
INN17883,0.856835485
INN10500,0.389012128
INN07529,0.03117843
INN20692,0.268504232
INN05788,0.013497705
INN27603,0.003905686
INN18176,0.103546426
INN03862,0.372711658
INN00217,0.022510795
INN20679,0.875292838
INN22182,0.536168337
INN19834,0.808798552
INN23283,0.545327008
INN13821,0.288143784
INN08479,0.092807747
INN13923,0.699159503
INN13460,0.463984311
INN14881,0.189260051
INN28737,0.37897867
INN25011,0.123487808
INN14021,0.001819657
INN14658,0.005241585
INN35654,0.077908531
INN10689,0.534655035
INN00776,0.425676435
INN07882,0.071568273
INN04963,0.066777699
INN06528,0.175255805
INN34644,0.344252586
INN28782,0.374758512
INN35441,0.244745553
INN30001,0.434318662
INN20452,0.278499156
INN01457,0.673350036
INN20150,0.149995744
INN00658,0.334411502
INN15748,0.547021985
INN03092,0.311182112
INN08376,0.331665546
INN24845,0.16678451
INN17225,0.150755435
INN03456,0.061682567
INN35127,0.492198616
INN30186,0.220473424
INN09562,0.130599797
INN24680,0.018680543
INN09793,0.143040329
INN32077,0.375868767
INN28957,0.435525149
INN01724,0.613729835
INN27801,0.026973311
INN04690,0.00197903
INN27873,0.004980622
INN33853,0.5006603
INN31709,0.309420496
INN05647,0.698090196
INN03786,0.540237248
INN25207,0.520883203
INN09104,0.002088818
INN12014,0.756154716
INN09061,0.449967831
INN20659,0.000366584
INN35498,0.078299321
INN30856,0.232917026
INN03800,0.260829508
INN06858,0.886588871
INN26766,0.039971426
INN18921,0.766774535
INN18311,0.224195302
INN18524,0.692235529
INN35021,0.128870338
INN30148,0.505243778
INN16359,0.06056761
INN01901,0.319886029
INN21434,0.727443278
INN06049,0.620461762
INN14955,0.271869779
INN15014,0.223060653
INN18398,0.034228496
INN21682,0.133223638
INN28689,0.050729264
INN01230,0.00184256
INN17024,0.393616199
INN02295,0.681028843
INN06129,0.220142514
INN05875,0.056081031
INN30217,0.006369081
INN15100,0.214702681
INN35339,0.055824284
INN08358,0.315204889
INN02237,0.001258432
INN18761,0.011267248
INN31279,0.019430319
INN21267,0.29535377
INN29541,0.871911108
INN01148,0.118791863
INN15299,0.424553216
INN08472,0.100673936
INN15674,0.237963438
INN32826,0.486141562
INN18336,0.031870842
INN08890,0.827444375
INN27585,0.858770907
INN15047,0.012796338
INN00574,0.342758417
INN33862,0.196983948
INN22645,0.67564404
INN29910,0.006415081
INN07782,0.514041424
INN04901,0.030657277
INN26265,0.154639363
INN30140,0.32073769
INN09732,0.739926279
INN03283,0.427220911
INN14980,0.630878806
INN02857,0.14748463
INN17278,0.544054627
INN22893,0.086943492
INN24693,0.031177497
INN10406,0.553966343
INN02768,0.828817189
INN29523,0.009417362
INN25061,0.369298279
INN08475,0.974459112
INN13558,0.015059573
INN00626,0.094046555
